<CodeCat_QikIndex Version="4.1">
  <IndexItem ID="5d322d7b-bd0f-4807-a101-4432cfb12915">
    <Title>Reference Template - Book Resource</Title>
    <DateCreated>2016-11-23T07:04:26.8457923+02:00</DateCreated>
    <DateModified>2021-02-03T14:54:14.0559724+02:00</DateModified>
    <Keywords>BOOK,GEN,REFERENCE,TEMPLATE</Keywords>
    <Syntax></Syntax>
  </IndexItem>
  <IndexItem ID="53aacd78-2cf1-48ea-8762-3c8fa8528374">
    <Title>C# Events template</Title>
    <DateCreated>2016-09-06T16:36:14.191977+02:00</DateCreated>
    <DateModified>2021-02-03T14:54:01.8715538+02:00</DateModified>
    <Keywords>C#,EVENT,GEN,TEMPLATE</Keywords>
    <Syntax></Syntax>
  </IndexItem>
  <IndexItem ID="f08d4945-625b-4fe2-a8a4-4cedee596ef6">
    <Title>Class Property Templates</Title>
    <DateCreated>2016-09-23T09:49:36.5050925+02:00</DateCreated>
    <DateModified>2021-02-03T14:54:27.729736+02:00</DateModified>
    <Keywords>GEN,PROPERTY</Keywords>
    <Syntax></Syntax>
  </IndexItem>
  <IndexItem ID="ec1ed76e-2c8c-42ad-b1fd-621ed3a90ad7">
    <Title>Generate a CollectionView</Title>
    <DateCreated>2016-09-06T16:37:28.946977+02:00</DateCreated>
    <DateModified>2021-02-03T14:55:57.1855023+02:00</DateModified>
    <Keywords>COLLECTION,COLLECTIONVIEW,GEN,GENERATE,TEMPLATE,VIEW</Keywords>
    <Syntax></Syntax>
  </IndexItem>
  <IndexItem ID="8c29da36-7feb-4290-b9e8-e6453177ea63">
    <Title>HTML Input Controls - CHECK element</Title>
    <DateCreated>2016-09-06T15:41:12.313477+02:00</DateCreated>
    <DateModified>2021-02-03T14:55:11.5517558+02:00</DateModified>
    <Keywords>BOOLEAN,CHECK,CHECKBOX,GEN,GENERATE,JQUERY,SWITCH,TEMPLATE</Keywords>
    <Syntax></Syntax>
  </IndexItem>
  <IndexItem ID="ad64167f-c5f2-4b26-b633-d5b17e516507">
    <Title>HTML Input Controls - SELECT element</Title>
    <DateCreated>2016-09-06T13:55:31.817977+02:00</DateCreated>
    <DateModified>2021-02-03T14:55:43.8717424+02:00</DateModified>
    <Keywords>GEN,GENERATE,LIST,LISTBOX,SELECT,TEMPLATE</Keywords>
    <Syntax></Syntax>
  </IndexItem>
  <IndexItem ID="8ea24187-6058-44d1-8b13-1ccadb7c26eb">
    <Title>HTML Input Controls - TEXT element</Title>
    <DateCreated>2016-09-06T15:42:49.375477+02:00</DateCreated>
    <DateModified>2021-02-03T14:55:29.1708935+02:00</DateModified>
    <Keywords>GEN,GENERATE,TEMPLATE,TEXT,TEXTBOX</Keywords>
    <Syntax></Syntax>
  </IndexItem>
  <IndexItem ID="59d26af4-cf07-4d4a-bbbd-62b9e49e3920">
    <Title>Modify Database Table - Very defensive script outline</Title>
    <DateCreated>2016-09-06T12:54:46.8649446+02:00</DateCreated>
    <DateModified>2021-02-03T14:54:56.5924681+02:00</DateModified>
    <Keywords>ALTER,DATABASE,GEN,MODIFY TABLE,RESCUE SCRIPT,TABLE</Keywords>
    <Syntax></Syntax>
  </IndexItem>
  <IndexItem ID="6c69ce56-6f93-4f02-b1f2-93c2d003f769">
    <Title>Reference Template - Video Resource</Title>
    <DateCreated>2016-11-10T11:51:43.70482+02:00</DateCreated>
    <DateModified>2021-02-03T14:53:38.0429758+02:00</DateModified>
    <Keywords>GEN,REFERENCE,TEMPLATE,VIDEO</Keywords>
    <Syntax></Syntax>
  </IndexItem>
  <IndexItem ID="885eef8b-6153-408d-8d11-865cdf227641">
    <Title>Unit Test - Skeleton Template (According to Roy Osherove Best Practice)</Title>
    <DateCreated>2016-12-07T07:54:44.9099522+02:00</DateCreated>
    <DateModified>2021-02-03T14:52:58.6349937+02:00</DateModified>
    <Keywords>GEN,TEST,UNIT TEST</Keywords>
    <Syntax></Syntax>
  </IndexItem>
  <IndexItem ID="4f6115d0-1054-4bcc-9a69-e28cd0519561">
    <Title>Create and drop Foreign Keys - VERSION 1</Title>
    <DateCreated>2017-02-02T10:49:04.2109376+02:00</DateCreated>
    <DateModified>2020-08-02T17:56:27.205582+02:00</DateModified>
    <Keywords>CONSTRAINT,CREATE,DROP,FOREIGN KEY,GEN</Keywords>
    <Syntax></Syntax>
  </IndexItem>
  <IndexItem ID="a0a19108-c882-41f1-aaf6-8f08d2a0566f">
    <Title>MVC - Qik Create - SELECT List</Title>
    <DateCreated>2017-04-20T12:06:59.1628069+02:00</DateCreated>
    <DateModified>2017-04-21T08:02:55.7485963+02:00</DateModified>
    <Keywords>COMBOBOX,CONTROL,DROPDOWN,GEN,MVC,SELECT</Keywords>
    <Syntax></Syntax>
  </IndexItem>
  <IndexItem ID="1abbe29c-f7d6-427c-9185-edb410fd0acf">
    <Title>Create Drop Primary Keys</Title>
    <DateCreated>2017-05-24T09:38:53.4851838+02:00</DateCreated>
    <DateModified>2017-05-24T10:06:16.2534466+02:00</DateModified>
    <Keywords>CONSTRAINT,CREATE,DROP,GEN,PRIMARY KEY</Keywords>
    <Syntax></Syntax>
  </IndexItem>
  <IndexItem ID="301a38f1-0ba6-45aa-93bf-9d8f547721c7">
    <Title>Unit Test - Property24 - Skeleton Template</Title>
    <DateCreated>2017-05-26T07:29:54.9957163+02:00</DateCreated>
    <DateModified>2017-09-28T17:36:07.5620839+02:00</DateModified>
    <Keywords>GEN,SKELETON,TEMPLATE,UNIT TEST</Keywords>
    <Syntax></Syntax>
  </IndexItem>
  <IndexItem ID="27a987f4-d6f7-4fb3-bbe0-d5cf89163111">
    <Title>Create Table</Title>
    <DateCreated>2017-08-07T10:14:46.5482255+02:00</DateCreated>
    <DateModified>2017-08-07T10:52:35.5061462+02:00</DateModified>
    <Keywords>CLUSTERED,CREATE,GEN,INDEX,TABLE</Keywords>
    <Syntax></Syntax>
  </IndexItem>
  <IndexItem ID="6aaf821e-6042-483f-bf4f-c98fe6d41385">
    <Title>Generating - Connection Strings and Connection Profiles</Title>
    <DateCreated>2018-04-11T14:30:51.0005776+02:00</DateCreated>
    <DateModified>2019-04-26T11:47:40.1090934+02:00</DateModified>
    <Keywords>CONNECTION,CONNECTION STRING,DATABASE,DB,GEN</Keywords>
    <Syntax></Syntax>
  </IndexItem>
  <IndexItem ID="969b8e90-40db-4563-84b7-e58748748e26">
    <Title>Infovest (SPC) - DB Upgrader - Add Script to DB Upgrader</Title>
    <DateCreated>2018-10-19T07:45:00.5156626+02:00</DateCreated>
    <DateModified>2018-10-19T07:54:11.2149367+02:00</DateModified>
    <Keywords>DBUPGRADER,GEN,SCRIPT</Keywords>
    <Syntax></Syntax>
  </IndexItem>
  <IndexItem ID="707f6ec1-cd79-4790-82c8-29e1fe369b49">
    <Title>Generate a T-SQL View, Function, or SP for SPC</Title>
    <DateCreated>2018-11-16T09:27:22.9626452+02:00</DateCreated>
    <DateModified>2020-09-11T11:51:10.5318558+02:00</DateModified>
    <Keywords>FUNCTION,GEN,GENERATE,SP,SQL,STORED PROC,STORED PROCEDURE,T-SQL,VIEW</Keywords>
    <Syntax></Syntax>
  </IndexItem>
  <IndexItem ID="d5e0ca15-1af0-4eba-b485-68bf568c1e10">
    <Title>SmartSession - Stack Entity Template</Title>
    <DateCreated>2018-06-29T12:34:36.9842479+02:00</DateCreated>
    <DateModified>2019-01-10T08:13:49.6655671+02:00</DateModified>
    <Keywords>ENTITY,GEN,SMARTSESSION,STACK,TEMPLATE</Keywords>
    <Syntax></Syntax>
  </IndexItem>
  <IndexItem ID="03b64bdf-42e9-4fc6-98ec-8fc4f339b2a1">
    <Title>SmartSession - C# DAL Genearation Tool (Old)</Title>
    <DateCreated>2018-08-01T11:28:46.4316188+02:00</DateCreated>
    <DateModified>2019-01-10T08:13:49.6655671+02:00</DateModified>
    <Keywords>C#,DAL,GEN,GENERATE,SMARTSESSION</Keywords>
    <Syntax></Syntax>
  </IndexItem>
  <IndexItem ID="10680bc8-8558-40a1-a665-328051fe525d">
    <Title>SmartSession - C# Entity Scaffolding Generator</Title>
    <DateCreated>2018-10-03T16:58:54.6242409+02:00</DateCreated>
    <DateModified>2019-01-10T08:13:49.6655671+02:00</DateModified>
    <Keywords>GEN,GENERATE,GENERATOR,SCAFFOLDING,SMARTSESSION</Keywords>
    <Syntax></Syntax>
  </IndexItem>
  <IndexItem ID="063cd615-3b22-4249-be2d-444f837e28a9">
    <Title>SmartSession - Generate Properties</Title>
    <DateCreated>2018-10-19T12:22:04.92917+02:00</DateCreated>
    <DateModified>2019-03-06T13:51:25.4547065+02:00</DateModified>
    <Keywords>GEN,GENERATE,PROPERTY,SMARTSESSION</Keywords>
    <Syntax></Syntax>
  </IndexItem>
  <IndexItem ID="4faf7d8f-15ed-4c9c-a416-96519cf6499d">
    <Title>SmartSession - Generate Commands</Title>
    <DateCreated>2018-10-19T12:42:14.6359676+02:00</DateCreated>
    <DateModified>2019-03-06T13:50:10.6490075+02:00</DateModified>
    <Keywords>COMMAND,GEN,GENERATE,RELAYCOMMAND,SMARTSESSION</Keywords>
    <Syntax></Syntax>
  </IndexItem>
  <IndexItem ID="55998464-c76e-41a8-870c-fa7c68eaef10">
    <Title>SmartSession - MySQL - Full Stack Code Generator</Title>
    <DateCreated>2018-11-09T10:00:00.7122826+02:00</DateCreated>
    <DateModified>2019-01-10T08:13:49.6655671+02:00</DateModified>
    <Keywords>FULL STACK,GEN,GENERATE,SMARTSESSION,STACK</Keywords>
    <Syntax></Syntax>
  </IndexItem>
  <IndexItem ID="9b0c5a85-d4ef-4a4f-aa3e-b1be661f5754">
    <Title>Generate - Drop, Create, and Restore a database</Title>
    <DateCreated>2019-01-30T12:57:30.0707366+02:00</DateCreated>
    <DateModified>2019-04-25T06:49:39.0066944+02:00</DateModified>
    <Keywords>CREATE,DATABASE,DROP,GEN,RESTORE</Keywords>
    <Syntax></Syntax>
  </IndexItem>
  <IndexItem ID="37885a38-b744-4a65-8b6e-82e3e90e85f4">
    <Title>Create and drop Foreign Keys - VERSION 2 (A better naming strategy)</Title>
    <DateCreated>2019-01-30T14:11:56.002726+02:00</DateCreated>
    <DateModified>2020-08-02T17:56:48.7487552+02:00</DateModified>
    <Keywords>CONSTRAINT,CREATE,DROP,FOREIGN KEY,GEN</Keywords>
    <Syntax></Syntax>
  </IndexItem>
  <IndexItem ID="54597601-8c77-4f35-8b0f-4f8724184339">
    <Title>Korbicom - User Account and Firm Generator</Title>
    <DateCreated>2019-04-10T15:56:35.025266+02:00</DateCreated>
    <DateModified>2021-03-29T11:09:59.5812848+02:00</DateModified>
    <Keywords>ACCOUNT,GEN,KORBICOM,USER,XD</Keywords>
    <Syntax></Syntax>
  </IndexItem>
  <IndexItem ID="880aefc5-5ff4-42c1-affa-5e3b81f00ebe">
    <Title>Korbicom - xchangedocs-webclient - Full Stack Generator</Title>
    <DateCreated>2019-04-16T07:26:55.7372199+02:00</DateCreated>
    <DateModified>2020-05-25T11:20:51.2474935+02:00</DateModified>
    <Keywords>FULL STACK,GEN,GENERATE,GENERATOR,KORBICOM,XD</Keywords>
    <Syntax></Syntax>
  </IndexItem>
  <IndexItem ID="2432cbec-9085-4c78-8f3f-179e21205a6d">
    <Title>Branches, Github, and Correspondence Issue Generator</Title>
    <DateCreated>2019-07-24T08:52:45.6796189+02:00</DateCreated>
    <DateModified>2021-02-03T14:53:15.7456945+02:00</DateModified>
    <Keywords>BRANCH,GEN,GENERATE,ISSUE,KORBICOM,XD</Keywords>
    <Syntax></Syntax>
  </IndexItem>
  <IndexItem ID="1ac6b1c0-8197-47e0-b1bf-2023c683eb16">
    <Title>CLI Generate Items</Title>
    <DateCreated>2019-09-30T10:43:16.8080733+02:00</DateCreated>
    <DateModified>2020-04-26T08:23:29.9482474+02:00</DateModified>
    <Keywords>ANGULAR,CLI,COMPONENT,GEN,GENERATE,MODULE,SERVICE</Keywords>
    <Syntax></Syntax>
  </IndexItem>
  <IndexItem ID="4f648581-ad77-4b54-889b-23464103f95e">
    <Title>Deployment Procedure - Versioning and Procedure</Title>
    <DateCreated>2019-11-21T12:57:10.8875495+02:00</DateCreated>
    <DateModified>2021-05-19T08:51:40.7316484+02:00</DateModified>
    <Keywords>DEPLOY,DEPLOYMENT,GEN,PROCEDURE,STEPS,USER,USERS,XD</Keywords>
    <Syntax></Syntax>
  </IndexItem>
  <IndexItem ID="23750625-62e2-48ff-9146-afdcf07420d4">
    <Title>Issue Process #2</Title>
    <DateCreated>2020-02-05T11:27:47.3375523+02:00</DateCreated>
    <DateModified>2020-10-28T12:03:10.5458552+02:00</DateModified>
    <Keywords>BRANCH,GEN,GITHUB,ISSUE,KORBICOM,PROCEDURE,PULL REQUEST,XD</Keywords>
    <Syntax></Syntax>
  </IndexItem>
  <IndexItem ID="ff0afd4b-48e5-48fc-b23f-ce4785aabd6b">
    <Title>Issue Process #1</Title>
    <DateCreated>2020-02-05T11:30:48.2272313+02:00</DateCreated>
    <DateModified>2021-08-17T14:27:09.8704973+02:00</DateModified>
    <Keywords>BRANCH,GEN,GITHUB,ISSUE,KORBICOM,PROCEDURE,PULL REQUEST,XD</Keywords>
    <Syntax></Syntax>
  </IndexItem>
  <IndexItem ID="895137eb-21c2-4d8e-8287-af222d71e7bf">
    <Title>API Server - Generate API Test Code (Document Centric)</Title>
    <DateCreated>2020-02-07T13:53:05.373423+02:00</DateCreated>
    <DateModified>2021-03-29T10:42:27.3397781+02:00</DateModified>
    <Keywords>API,GEN,KORBICOM,SERVER,TEST,XD</Keywords>
    <Syntax></Syntax>
  </IndexItem>
  <IndexItem ID="a598a8c8-d1ac-42b2-897f-ac5474fbaca0">
    <Title>Issue Process #3</Title>
    <DateCreated>2020-02-21T08:05:41.5171757+02:00</DateCreated>
    <DateModified>2020-10-28T12:03:17.8579675+02:00</DateModified>
    <Keywords>BRANCH,GEN,GITHUB,ISSUE,KORBICOM,PROCEDURE,PULL REQUEST,XD</Keywords>
    <Syntax></Syntax>
  </IndexItem>
  <IndexItem ID="45d48794-cc1c-4738-99f1-62636c736b89">
    <Title>Billing - Full Stack Generation - API</Title>
    <DateCreated>2020-06-17T13:01:54.8594534+02:00</DateCreated>
    <DateModified>2020-07-09T11:43:28.9018463+02:00</DateModified>
    <Keywords>BILLING,GEN,GENERATE,XD</Keywords>
    <Syntax></Syntax>
  </IndexItem>
  <IndexItem ID="99c3b61b-9631-4ffd-98aa-cc04a5815aae">
    <Title>Billing - Full Stack Generation - API Tests</Title>
    <DateCreated>2020-06-23T07:26:46.9592877+02:00</DateCreated>
    <DateModified>2021-03-24T07:34:36.5846215+02:00</DateModified>
    <Keywords>BILLING,GEN,GENERATE,XD</Keywords>
    <Syntax></Syntax>
  </IndexItem>
  <IndexItem ID="22a3e7e5-2d83-4348-98a9-da9acba079d3">
    <Title>Billing - Error Message and Error Handling Generation</Title>
    <DateCreated>2020-07-01T07:53:08.6452651+02:00</DateCreated>
    <DateModified>2020-07-09T18:43:27.1725624+02:00</DateModified>
    <Keywords>BILLING,GEN,GENERATE,XD</Keywords>
    <Syntax></Syntax>
  </IndexItem>
  <IndexItem ID="8ef323e1-e5ad-4ff0-80ef-3eaf465e2daa">
    <Title>API Server - Test Web-client against Local API and Database</Title>
    <DateCreated>2020-07-27T15:28:42.3975547+02:00</DateCreated>
    <DateModified>2021-03-29T10:44:27.962418+02:00</DateModified>
    <Keywords>CURL,DATABASE,DB,GEN,GENERATE,LOCAL,TENANTID,TEST,TESTING,USER,WEBCLIENT,XD</Keywords>
    <Syntax></Syntax>
  </IndexItem>
  <IndexItem ID="79834cb7-8394-40f4-a519-281515b18fb9">
    <Title>API Server - Generate API Test Code (Document Centric) - VERSION 2</Title>
    <DateCreated>2021-02-01T12:17:33.676899+02:00</DateCreated>
    <DateModified>2021-04-29T13:55:56.0352912+02:00</DateModified>
    <Keywords>API,GEN,KORBICOM,SERVER,TEST,XD</Keywords>
    <Syntax></Syntax>
  </IndexItem>
  <IndexItem ID="135ae54f-b397-404a-9457-d975f8800632">
    <Title>Deployment Procedure - Versioning and Procedure (NEW IN PROGRESS)</Title>
    <DateCreated>2021-02-26T12:06:51.8536796+02:00</DateCreated>
    <DateModified>2021-02-26T16:33:25.570467+02:00</DateModified>
    <Keywords>DEPLOY,DEPLOYMENT,GEN,PROCEDURE,STEPS,USER,USERS,XD</Keywords>
    <Syntax></Syntax>
  </IndexItem>
  <IndexItem ID="0e7a4d1a-df51-445c-9621-ce4b4651f3d9">
    <Title>XD Support - Download Issues</Title>
    <DateCreated>2021-03-01T13:41:36.2952736+02:00</DateCreated>
    <DateModified>2021-06-14T22:15:00.7738143+02:00</DateModified>
    <Keywords>DOWNLOAD,GEN,SUPPORT,XD</Keywords>
    <Syntax></Syntax>
  </IndexItem>
  <IndexItem ID="52b96b2a-5181-4a9c-ac78-c9ccda49656a">
    <Title>Qik Script - Function Examples</Title>
    <DateCreated>2021-03-01T15:15:55.6566848+02:00</DateCreated>
    <DateModified>2021-03-01T15:44:22.5021121+02:00</DateModified>
    <Keywords>GEN,QIK</Keywords>
    <Syntax></Syntax>
  </IndexItem>
  <IndexItem ID="caa507c9-a9ec-475d-9e59-51fd028f06c7">
    <Title>API Server - Deep Test Generation Code - Context Deletion (Generate Tests)</Title>
    <DateCreated>2021-03-23T14:20:39.2512872+02:00</DateCreated>
    <DateModified>2021-05-05T09:22:16.7263277+02:00</DateModified>
    <Keywords>API,GEN,TEST,TESTING,XD</Keywords>
    <Syntax></Syntax>
  </IndexItem>
  <IndexItem ID="b5f84292-2011-4020-9893-d8f96f8cd6ef">
    <Title>API Server - Full Stack Generator</Title>
    <DateCreated>2021-03-23T16:28:22.2845166+02:00</DateCreated>
    <DateModified>2021-03-26T18:34:50.0953278+02:00</DateModified>
    <Keywords>API,FULL STACK,GEN,GENERATE,XD</Keywords>
    <Syntax></Syntax>
  </IndexItem>
  <IndexItem ID="5e539e84-6974-4a06-87cb-f28ef5e69e2f">
    <Title>OAuth 2.0 PKCE Flow</Title>
    <DateCreated>2021-04-14T19:01:20.7135729+02:00</DateCreated>
    <DateModified>2021-04-14T19:09:51.9599442+02:00</DateModified>
    <Keywords>CURL,FLOW,OAUTH,PKCE,SECURITY</Keywords>
    <Syntax></Syntax>
  </IndexItem>
</CodeCat_QikIndex>