﻿<?xml version="1.0" encoding="utf-8"?>
<Snippet ID="0190d750-ebd3-4f79-b394-18a09f8d0164" Syntax="C#" Hits="0">
  <Code><![CDATA[
/*
	Mabu Svn Archive: NatTreasury\trunk\Work\Pyramid\
	
	Caching code for lookup data used on Mabu:
	
	Example Razor View Usage:
	<tr>
		<td>
			@(Html.LabelFor(c => c.OrganizationTypeCode)
		)</td>
		<td>
			@(Html.DropDownListFor(model => model.OrganizationTypeCode, CustomerLookup.Lookup(LookupCategoryEnum.OrganizationType), GlobalConstants.DropdownListDefaultSelectionText))
		</td>
	</tr>
*/

/*
	Example Model Code:
	Retrieves data from lookup stuff...
*/
	public override UiCustomerHeader GetHeader()
	{
	    UiCustomerHeader customerHeader = new UiCustomerHeader();
	    customerHeader.Heading = string.Format("{0}, {1} ({2})", this.LastName, this.FirstName, 
	        CustomerLookup.LookupText(this.GenderCode, LookupCategoryEnum.Gender));
	    customerHeader.SubHeading = "Test";
	    return customerHeader;
	}
	
    public override UiCustomerHeader GetHeader()
    {
        UiCustomerHeader customerHeader = new UiCustomerHeader();
        customerHeader.Heading = string.Format("{0} ({1})", this.BusinessName, this.TradingName);
        customerHeader.SubHeading = "Test"; //CustomerLookup.LookupText(CompanyTypeId, LookupCategoryEnum.CompanyType);
        return customerHeader;
    }



	// Here is the code that you used. You can get this from the Mabu Project located in your SVN repository.

	#region Assembly System.Runtime.Caching.dll, v4.0.0.0
	// C:\Program Files (x86)\Reference Assemblies\Microsoft\Framework\.NETFramework\v4.0\System.Runtime.Caching.dll
	#endregion
	
	using System;
	using System.Collections.ObjectModel;


    public interface ICacheProvider
    {
        T Get<T>(string key) where T : class;
        void Set<T>(string key, T data, int cacheTime) where T : class;
        bool IsSet(string key);
        void Invalidate(string key);
    }
    
    // original found at http://stevescodingblog.co.uk/net4-caching-with-mvc/
    public class DefaultCacheProvider : ICacheProvider
    {
        private ObjectCache Cache { get { return MemoryCache.Default; } }

        #region ICacheProvider Members

        public T Get<T>(string key) where T : class
        {
            return Cache[key] as T;
        }

        public void Set<T>(string key, T data, int cacheTime) where T : class
        {
        	// System.Runtime.Caching
            CacheItemPolicy policy = new CacheItemPolicy();
            policy.AbsoluteExpiration = DateTime.Now + TimeSpan.FromMinutes(cacheTime);
            Cache.Add(new CacheItem(key, data), policy);
        }

        public bool IsSet(string key)
        {
            return (Cache[key] != null);
        }

        public void Invalidate(string key)
        {
            Cache.Remove(key);
        }

        #endregion
    }
        
   public enum LookupCategoryEnum
    {
        Race,
        Nationality,
        Gender,
        Title,
        MaritialStatus,
        ContactType,
        Suburb,
        Bank,
        BankAccountType,
        EmploymentType,
        ArtifactType,
        ContactCategory,
        IdNumberType,
        OrganizationType
    }

    public class CustomerLookup
    {
        private static DefaultCacheProvider cacheProvider = new DefaultCacheProvider();

		// Pulls out and caches all lookup data when run the first time.
		// Lookup data expected as List<{Type}>
        public static List<SelectListItem> Lookup(LookupCategoryEnum lookupType)
        {
            DtoCustomerLookupLists lookupLists;
            List<SelectListItem> items = new List<SelectListItem>();

            lookupLists = cacheProvider.Get<DtoCustomerLookupLists>("customer_lookups");

            if (lookupLists == null)
            {
                ICustomerService service = new CustomerServiceClient(Constants.BindingName);
                lookupLists = service.GetCustomerLookupLists();
                cacheProvider.Set<DtoCustomerLookupLists>("customer_lookups", lookupLists, 30);
            }

            switch (lookupType)
            {
                case LookupCategoryEnum.IdNumberType:
                    foreach (DtoPersonIdentityType identity in lookupLists.PersonIdentityTypeList)
                        items.Add(new SelectListItem { Text = identity.Description, Value = identity.PersonIdentityTypeCode });
                    break;

                case LookupCategoryEnum.ContactType:
                    foreach (DtoContactCategory cat in lookupLists.ContactCategoryList)
                        items.Add(new SelectListItem { Text = cat.Description, Value = cat.ContactCategoryCode });
                    break;
                    
                case LookupCategoryEnum.Gender:
                    foreach (DtoGender gender in lookupLists.GenderList)
                        items.Add(new SelectListItem { Text = gender.Description, Value = gender.GenderCode });
                    break;

                case LookupCategoryEnum.MaritialStatus:
                    foreach (DtoMaritalStatus status in lookupLists.MaritalStatusList)
                        items.Add(new SelectListItem { Text = status.Description, Value = status.MaritalStatusCode });
                    break;

                case LookupCategoryEnum.Nationality:
                    foreach (DtoCountry country in lookupLists.CountryList)
                        items.Add(new SelectListItem { Text = country.Description, Value = country.CountryCode });
                    break;

                case LookupCategoryEnum.Race:
                    foreach (DtoRace race in lookupLists.RaceList)
                        items.Add(new SelectListItem { Text = race.Description, Value = race.RaceCode });
                    break;

                case LookupCategoryEnum.Title:
                    foreach (DtoTitle title in lookupLists.TitleList)
                        items.Add(new SelectListItem { Text = title.Description, Value = title.TitleCode });
                    break;

                case LookupCategoryEnum.Bank:
                    foreach (DtoBank bank in lookupLists.BankList)
                        items.Add(new SelectListItem { Text = bank.Description, Value = bank.BankCode });
                    break;

                case LookupCategoryEnum.BankAccountType:
                    foreach (DtoBankAccountType accType in lookupLists.BankAccountTypeList)
                        items.Add(new SelectListItem { Text = accType.Description, Value = accType.BankAccountTypeCode });
                    break;

                case LookupCategoryEnum.EmploymentType:
                    foreach (DtoEmploymentType emp in lookupLists.EmploymentTypeList)
                        items.Add(new SelectListItem { Text = emp.Description, Value = emp.EmploymentTypeCode });
                    break;

                case LookupCategoryEnum.ArtifactType:
                    foreach (DtoArtifactType art in lookupLists.ArtifactList)
                        items.Add(new SelectListItem { Text = art.Description, Value = art.ArtifactTypeCode });
                    break;

                case LookupCategoryEnum.OrganizationType:
                    foreach (DtoOrganizationType org in lookupLists.OrganizationTypeList)
                        items.Add(new SelectListItem { Text = org.Description, Value = org.OrganizationTypeCode });
                    break;

                case LookupCategoryEnum.ContactCategory:
                    foreach (DtoContactCategory cat in lookupLists.ContactCategoryList)
                        items.Add(new SelectListItem { Text = cat.Description, Value = cat.ContactCategoryCode });
                    break;
                // Hard coded because this will probably never be implemented... can't have the choice of countries
                // and then list suburbs, this will be a maintenance nightmare... this is legacy code implemented here 
                // probably to be changed.
                case LookupCategoryEnum.Suburb: 
                    items.Add(new SelectListItem { Text = "Lonehill", Value = "1" });
                    items.Add(new SelectListItem { Text = "Constantia", Value = "2" });
                    items.Add(new SelectListItem { Text = "Sandton", Value = "3" });
                    items.Add(new SelectListItem { Text = "Century City", Value = "4" });
                    items.Add(new SelectListItem { Text = "Plumstead", Value = "5" });
                    items.Add(new SelectListItem { Text = "Meadowridge", Value = "6" });
                    break;
            }

            return items;
        }

        public static string LookupText(string code, LookupCategoryEnum lookupType)
        {
            string lookupText = "";
            try
            {
                List<SelectListItem> items = Lookup(lookupType);
                lookupText = items.Where(item => item.Value == code).FirstOrDefault().Text;
            }
            catch
            {
                lookupText = "";
            }
            return lookupText;
        }

        public static string LookupText(int id, LookupCategoryEnum lookupType)
        {
            string lookupText = "";
            try
            {
                List<SelectListItem> items = Lookup(lookupType);
                lookupText = items.Where(item => item.Value == id.ToString()).FirstOrDefault().Text;
            }
            catch
            {
                lookupText = "";
            }
            return lookupText;
        }
    }
    
    
    // Not sure what this is, but it seems to take a graph of objects to serialize
    public static class SelfTrackSerializer
    {
        public static byte[] ToByteArray<T>(T graph)
        {
            var stream = new MemoryStream();
            var serializer = new DataContractSerializer(typeof(T));
            serializer.WriteObject(stream, graph);
            return stream.ToArray();
        }
        public static T ToObject<T>(byte[] bytes)
        {
            MemoryStream stream = new MemoryStream(bytes);
            stream.Position = 0;
            var serializer = new DataContractSerializer(typeof(T));
            return (T)serializer.ReadObject(stream);
        }
    }]]></Code>
  <Snapshots />
</Snippet>