﻿<?xml version="1.0" encoding="utf-8"?>
<Snippet ID="0d9c7399-710f-48b5-83a4-a64acafac00e" Syntax="JAVASCRIPT">
  <Code><![CDATA[


/* ****************************************************************************************************************
Get the current date in "YYYY/MM/DD" format.
**************************************************************************************************************** */
/*
<HTML>
  <HEAD>
    <SCRIPT>
      var start = New Date();
    </SCRIPT>
   </HEAD>

   <BODY ONLOAD="var end = new Date(); alert('It took ' + (end.getTime() - start.getTime()) / 1000 + ' seconds to load this page.');"> 

   </BODY>
</HTML>

<!--
' which if you know the length of the page also allows you to compute the download speed
-->
*/

/* ****************************************************************************************************************
Get the current date in "YYYY/MM/DD" format.
**************************************************************************************************************** */
var theDate = new Date();
var dateText = theDate.getFullYear().toString() + "/" + 
               ('0' + theDate.getMonth()).slice(-2).toString() + "/" + 
               ('0' + theDate.getDay()).slice(-2).toString();

document.write(dateText);



/* ****************************************************************************************************************
Instantiating Date objects
**************************************************************************************************************** */
// ----------------------------------------------------------------------------------------------------------------
// the date API uses the term UTC (Coordinated Universal Time). For most purposes
// UTC is a synonym for GMT (Greenwich Mean Time) and roughly means the time zone
// of London, UK.
// ----------------------------------------------------------------------------------------------------------------
var example1 = new Date(2001, 1, 27, 14, 55);
console.log("Example1: " + example1);

var example2 = new Date(2001, 11, 31, 15, 30);
console.log("Example2: " + example2);

var example3 = new Date('2004-08-29');
console.log("Example3 (string parameter): " + example3);

var example4 = new Date('bad-date');
console.log("Example4 (bad date): " + example4); 

// if you send a time value, the date is specified in the number of milliseconds since
// 1 January 1970 00:00:00 UTC.

var example5 = new Date(0);
console.log("Example5: " + example5);

var example6 = new Date(123);
console.log("Example6: " + example6);

// You can use NaN as an argument which produces a special instance of Date...
var example7 = new Date(NaN);
console.log("Example7 (NaN): " + example7.toString());

// current date...
var example8 = new Date();
console.log("Example8 (current date): " + example8);

var example9 = new Date(Date.now());
console.log("Example9: " + example9);

// Below differs from Date constructor with the same arguments in two ways:
// 1. It returns a number, not a new Date object.
// 2. It interprets arguments as UTC, rather than the local time.
var example10 = Date.UTC(2001, 1, 27, 14, 55);
console.log("Example10 (Date as UTC Number): " + example9);

// ----------------------------------------------------------------------------------------------------------------


/* ****************************************************************************************************************
Parsing text to Date objects
**************************************************************************************************************** */
var parseEx1 = Date.parse('1970-01-01');
console.log("Parse Example 1: " + parseEx1);

// milliseconds since 1 Jan, 1970.
var parseEx2 = Date.parse('1970-01-02');
console.log("Parse Example 2: " + parseEx2);

var parseEx3 = Date.parse('abc');
console.log("Parse Example 3 (invalid parse): " + parseEx3);


/* ****************************************************************************************************************
Get month name
**************************************************************************************************************** */
function getMonthName(index) {
	var months = [ "January", "February", "March", "April", "May", "June",
		"July", "August", "September", "October", "November", "December"];
	return months[index];
}

function abbrName(text) {
	return text.substr(0, 3);
}

var date = new Date();
var messageParts = [
	"Hello, ",
	prompt("Please enter your name", "Please enter your name"),
	". Today is ",
	abbrName(getMonthName(date.getMonth())),
	" ",
	date.getDate(),
	", ",
	date.getFullYear()
];

alert(messageParts.join(""));

console.log(messageParts.join(""));
console.log(getMonthName(0));
console.log(getMonthName(11));

// ----------------------------------------------------------------------------------------------------------------

// some javascript engines allow you specify just a time, others like Chrome require a date...
//var dt = new Date('13:00:00');
//console.log(dt.toString('HH:mm:ss'));

//getFromTimeListing(new Date('2014-01-01T07:00'), new Date('2014-01-01T18:30'), 30);


/* ****************************************************************************************************************
Date calculations (adding, subtracting)
**************************************************************************************************************** */

// Adding + Substracting Dates: http://stackoverflow.com/questions/1197928/how-to-add-30-minutes-to-a-javascript-date-object
console.log('From:');
getFromTimeListing(new Date('2014-01-01 07:00'), new Date('2014-01-01 18:30'), 30);
console.log('To:');
getToTimeListing(new Date('2014-01-01 07:00'), new Date('2014-01-01 18:30'), 30);

function getFromTimeListing(startTime, endTime, minuteInterval) {
    var times = [];
    var currentTime = startTime;

    times[times.length] = currentTime;
    while (currentTime.valueOf() < endTime.valueOf()) {
        currentTime = new Date(currentTime.getTime() + (minuteInterval * 60000));
        times[times.length] = currentTime;
        console.log(times[times.length - 1]);
    }
}

function getToTimeListing(startTime, endTime, minuteInterval) {
    var times = [];
    var currentTime = new Date(startTime.getTime() + (minuteInterval * 60000));

    times[times.length] = currentTime;
    while (currentTime.valueOf() <= endTime.valueOf()) {
        currentTime = new Date(currentTime.getTime() + (minuteInterval * 60000));
        times[times.length] = currentTime;
        console.log(times[times.length - 1]);
    }
}

/* ****************************************************************************************************************
Parts of a date
**************************************************************************************************************** */

var today = new Date(); // current date and time.
var today = new Date(); // current date and time.

var y2k = new Date(2000, 0, 1); // month is zero based.

var today = new Date();
today.getMonth();
today.getYear(); // deprecated
today.getFullYear(); // recommended...

myDate.getDay();
today.getHours();
today.getTime();
today.setFullYear(2012);
today.setMonth(2);

if (date1.getTime() == date2.getTime()) {
}

/* ****************************************************************************************************************
COMPARE DATES
**************************************************************************************************************** */
<!doctype html>
<html>
	<head>
		<meta charset="utf-8">
		<title></title>
	</head>
	<body>
		<header>
			<h1></h1>
		</header>
		<section>
		</section>
		<footer>
		</footer>
		
		<script src="http://code.jquery.com/jquery-1.7.1.min.js"></script>
		
		<script>
			$(function() {
				var isAsc = false;
				
				// date 1 is null
				var date1 = null;
				var date2 = new Date('2019-05-29T11:11:12.0815461Z');
				document.write('date1 is null<br/>');
				/*
				var date2 = null;
				var date1 = new Date('2019-05-29T11:11:12.0815461Z');
				document.write('date2 is null<br/>');
				*/
				/*
				var date2 = null;
				var date1 = null;
				document.write('both are null<br/>');
				*/
				var func = function(date1, date2, isAsc) {
					
					/*
					if (date1 === null && date2 === null) {
						console.log('date1 is smaller');
						return -1;
					}
					*/
					
					/*
					if (date1 === null) {
						console.log('date1 is smaller');
						return -1;
					}
					*/
					
					/*
					if (date2 === null) {
						console.log('date2 is smaller');
						return 1;
					}
					*/
					console.log('nothing was null');
					return (date1 < date2 ? -1 : 1) * (isAsc ? 1 : -1);
				}
				
				document.write(func(date1, date2, isAsc));
			});
			

		</script>
	</body>
</html>]]></Code>
  <Snapshots />
</Snippet>