﻿<?xml version="1.0" encoding="utf-8"?>
<Snippet ID="125ae01e-457e-468d-8118-60ecbac78855" Syntax="XAML">
  <Code><![CDATA[<Page
  xmlns="http://schemas.microsoft.com/winfx/2006/xaml/presentation"
  xmlns:x="http://schemas.microsoft.com/winfx/2006/xaml">
  <Grid>  
    <Button MaxHeight="50" MaxWidth="200" MinWidth="150" Margin="3">
      <StackPanel>
        <TextBlock Margin="3" Foreground="Red">Image <Bold>and text</Bold> Button</TextBlock>
        <Image Source="Happy.jpg" Stretch="None" />
        <TextBlock Margin="3">Courtesy of Stack Panel</TextBlock>
      </StackPanel>
    </Button>
  </Grid>
</Page>]]></Code>
  <Snapshots />
</Snippet>