﻿<?xml version="1.0" encoding="utf-8"?>
<Snippet ID="2f4e5426-4146-43d7-9323-f986f47e6fb0" Syntax="JAVASCRIPT" Hits="3">
  <Code><![CDATA[frog.dashboard.MSDFDashboard.module('AppModule.ContentModule.SearchModule.Views', function (Views, App, Backbone, Marionette, $, _) {

    Views.SearchResultEntityItemView = Marionette.ItemView.extend({
        template: "", //"#search-result-educators-item-template",
        tagName: "tr",
        className: "searchEntityRow",
        events: {
            "click td": "onClick"
        },

        initialize: function () {
            var test = this.options;
            this.id = "searchEntityRow_" + this.options.model.get("entityId");
        },

        render: function () {
            var html = this.createRowDataHtml();
            this.$el.html(html);

            this.appendTooltip(this.$el);

            return this;
        },

        appendTooltip: function ($element) {
            var html = '<div id="toolTip" class="searched-entity-tooltip">' +
                '<div>' +
                    '<strong>Entity Id: <%= entityId %></strong>' +
                '</div>' +
            '</div>';

            var tooltipTemplate = _.template(html);
            var toolTipHtml = tooltipTemplate({ entityId: this.model.get("entityId") });

            $element.tooltip({
                items: '.searchEntityRow',
                //position: { my: 'center bottom', at: 'center top', collision: 'none' },
                tooltipClass: "searched-entity-tooltip",
                content: function () { return toolTipHtml; },
                track: true
            });
        },

        createRowDataHtml: function () {
            var html = "";

            var currentEntityLevel = this.model.attributes.entityTypeId;
            var entityHierarchy = frog.dashboard.MSDFDashboard.AppModule.AppModel.get("entityHierarchy");

            // create columns for current entity level or child entity levels
            for (var level = currentEntityLevel; level > 0; level--) {
                html += this.createColumnDataHtml(level, entityHierarchy);
            }
            return html;
        },

        createColumnDataHtml: function (entityTypeId, entityHierarchy) {
            var html = "";
            var model = this.model;
            var _this = this;

            // create columns for current entity level or child entity levels
            if (this.model.attributes.entityTypeId >= entityTypeId) {
                model = this.model;

                var item = _.find(entityHierarchy.models, function (item) {
                    return item.get("entityTypeId") == entityTypeId
                });

                var navigate = _this.allowNavigation(item, entityTypeId);
                html = this.renderEntityType(entityTypeId, navigate);
            }
            return html;
        },

        allowNavigation: function (item, entityTypeId) {

            if (entityTypeId < App.AppModule.getEntityTypeId(App.AppModule.getCurrentEntityName())) {
                return false;
            }
            return true;
        },

        renderEntityType: function (entityTypeId, navigate) {
            var style = navigate ? '' : ' style="cursor: default"';
            var html = "";
            if (this.model.attributes.entities[entityTypeId - 1]) {
                var $td = $("<td></td>");
                $td.text(this.model.attributes.entities[entityTypeId - 1].entityName);
                $td.attr("data-entitytypeId", entityTypeId);
                if (!navigate) {
                    $td.css("cursor", "default");
                }
                html = $td[0].outerHTML;
            }

            return html;
        },

        onClick: function (e) {
            var $target = $(e.target);
            if ($target.css("cursor") != "default") {
                var entityTypeId = parseInt($target.attr("data-entitytypeid"));
                var entityId = this.model.attributes.entities[entityTypeId - 1].entityId;
                var entityTypeName = CONSTANTS.EntityType.getName(entityTypeId);

                App.AppModule.AppModel.set("forceMenuRebuild", true);
                App.AppModule.navigateToEntity({ entityId: entityId, entityName: entityTypeName });
                App.AppModule.AppModel.set("forceMenuRebuild", false);
            }
        }
    });

    Views.SearchResultEntityView = Marionette.CompositeView.extend({
        tagName: "div",
        template: "#search-result-entity-template",
        itemView: Views.SearchResultEntityItemView,
        itemViewContainer: "#search-result-entity-items",
        menuOffset: 40,
        showingAll: false,
        firstLoad: true,
        events: {
            "click #showAll": "showAll",
            "click th": "sortByColumn"
        },
        collectionEvents: {
            "reset": "updateCountDisplay"
        },
        initialize: function () {
            this.sortField = 0;
        },
        // Override from Marionette.CompositeView (CollectionView) 
        // - render the items applicable to the page.
        showCollection: function () {
            var itemView;
            var item;
            var startIndex = 0;
            var endIndex = this.collection.models.length - 1;
            if (!this.showingAll && endIndex > 10)
                endIndex = 10;
            for (var index = startIndex; index <= endIndex; index++) {
                item = this.collection.models[index];
                itemView = this.getItemView(item);
                this.addItemView(item, itemView, index);
            }
        },
        onRender: function () {
            this.updateTableHeader();
            this.updateCountDisplay();
            this.showSortIndicator();
            if (this.firstLoad) {
                this.$el.append("<img src='Content/pIkfp.gif'>");
                this.firstLoad = false;
            }
        },
        updateTableHeader: function () {
            var th = this.$el.find("thead th");
            var entityHierarchy = frog.dashboard.MSDFDashboard.AppModule.AppModel.get("entityHierarchy");
            var renderType = false;
            switch (this.options.searchResult.attributes.dataType) {
                case "Province":
                    $(th[0]).remove();
                    $(th[1]).remove();
                    $(th[2]).remove();
                    $(th[3]).remove();
                    $(th[4]).remove();
                    break;
                case "Region":
                    $(th[0]).remove();
                    $(th[1]).remove();
                    $(th[2]).remove();
                    $(th[3]).remove();
                    break;
                case "District":
                    $(th[0]).remove();
                    $(th[1]).remove();
                    $(th[2]).remove();
                    $.each(entityHierarchy.models, function (index, item) {
                        if (item.get("entityTypeName") == "Region") {
                            renderType = true;
                        }
                    });
                    if (!renderType) {
                        $(th[4]).remove();
                    }
                    break;
                case "Circuit":
                    $(th[0]).remove();
                    $(th[1]).remove();
                    $.each(entityHierarchy.models, function (index, item) {
                        if (item.get("entityTypeName") == "Region") {
                            renderType = true;
                        }
                    });
                    if (!renderType) {
                        $(th[4]).remove();
                    }
                    break;

                case "Cluster":
                    $(th[0]).remove();
                    break;

                case "School":
                    $.each(entityHierarchy.models, function (index, item) {
                        if (item.get("entityTypeName") == "Cluster") {
                            renderType = true;
                        }
                    });
                    if (!renderType) {
                        $(th[1]).remove();
                    }
                    $.each(entityHierarchy.models, function (index, item) {
                        if (item.get("entityTypeName") == "Region") {
                            renderType = true;
                        }
                    });
                    if (!renderType) {
                        $(th[4]).remove();
                    }
                    break;
            };
        },
        updateCountDisplay: function () {
            this.$el.find("img").remove();
            var itemCount = 0;
            if (this.collection && this.collection.models) {
                itemCount = this.collection.models.length;
            }

            this.$("#itemType").html(this.options.searchResult.attributes.dataType + "s");
            this.$("#itemCount").html(itemCount);
            if (itemCount == 100) {
                this.$("#itemsCountMessage").html("Search result returns too many records. Please refine your Search criteria.");
            } else {
                this.$("#itemsCountMessage").html("");
            }

            if (itemCount > 10) {
                this.$el.find("#showAll").show();
                if (this.showingAll) {
                    this.$el.find("#showAll").html("Show First 10");
                }
                else {
                    this.$el.find("#showAll").html("Show All");
                }
            }
        },
        showSortIndicator: function () {
            var elCol = this.$el.find("th[column='" + this.collection.sortAttribute + "']");
            if (this.collection.sortDirection == 1) {
                elCol.addClass("sortAsc");
            }
            else if (this.collection.sortDirection == -1) {
                elCol.addClass("sortDesc");
            }
        },
        showAll: function () {
            this.showingAll = !this.showingAll;
            this.render();
        },
        sortByColumn: function (e) {
            var currentSortAttribute = this.collection.sortAttribute;
            var newSortAttribute = $(e.target).attr("column");

            var sortDirection = this.collection.sortDirection;
            if (newSortAttribute == currentSortAttribute) {
                sortDirection *= -1;
            }
            else {
                sortDirection = 1;
            }

            this.collection.sortByAttribute(newSortAttribute, sortDirection);
            this.render();
        },
    });
});
]]></Code>
  <Snapshots>
    <Snapshot ID="083c6d17-8a80-4204-840a-9752b92396b8" SnapDate="2016-04-07T16:49:22.0764389+02:00">
      <Description>Before applying tooltips.</Description>
      <Code><![CDATA[frog.dashboard.MSDFDashboard.module('AppModule.ContentModule.SearchModule.Views', function (Views, App, Backbone, Marionette, $, _) {

    Views.SearchResultEntityItemView = Marionette.ItemView.extend({
        template: "", //"#search-result-educators-item-template",
        tagName: "tr",
        events: {
            "click td": "onClick"
        },

        initialize: function () {
        },

        render: function () {
            var html = this.createRowDataHtml();

            var el = $(this.el);
            el.html(html);
            return this;
        },

        createRowDataHtml: function () {
            var html = "";

            var currentEntityLevel = this.model.attributes.entityTypeId;
            var entityHierarchy = frog.dashboard.MSDFDashboard.AppModule.AppModel.get("entityHierarchy");

            // create columns for current entity level or child entity levels
            for (var level = currentEntityLevel; level > 0; level--) {
                html += this.createColumnDataHtml(level, entityHierarchy);
            }
            return html;
        },

        createColumnDataHtml: function (entityTypeId, entityHierarchy) {
            var html = "";
            var model = this.model;
            var _this = this;

            // create columns for current entity level or child entity levels
            if (this.model.attributes.entityTypeId >= entityTypeId) {
                model = this.model;

                var item = _.find(entityHierarchy.models, function (item) {
                    return item.get("entityTypeId") == entityTypeId
                });

                var navigate = _this.allowNavigation(item, entityTypeId);
                html = this.renderEntityType(entityTypeId, navigate);
            }
            return html;
        },

        allowNavigation: function (item, entityTypeId) {

            if (entityTypeId < App.AppModule.getEntityTypeId(App.AppModule.getCurrentEntityName())) {
                return false;
            }
            return true;
        },

        renderEntityType: function (entityTypeId, navigate) {
            var style = navigate ? '' : ' style="cursor: default"';
            var html = "";
            if (this.model.attributes.entities[entityTypeId - 1]) {
                var $td = $("<td></td>");
                $td.text(this.model.attributes.entities[entityTypeId - 1].entityName);
                $td.attr("data-entitytypeId", entityTypeId);
                if (!navigate) {
                    $td.css("cursor", "default");
                }
                html = $td[0].outerHTML;
            }

            return html;
        },

        onClick: function (e) {
            var $target = $(e.target);
            if ($target.css("cursor") != "default") {
                var entityTypeId = parseInt($target.attr("data-entitytypeid"));
                var entityId = this.model.attributes.entities[entityTypeId - 1].entityId;
                var entityTypeName = CONSTANTS.EntityType.getName(entityTypeId);

                App.AppModule.AppModel.set("forceMenuRebuild", true);
                App.AppModule.navigateToEntity({ entityId: entityId, entityName: entityTypeName });
                App.AppModule.AppModel.set("forceMenuRebuild", false);
            }
        }
    });

    Views.SearchResultEntityView = Marionette.CompositeView.extend({
        tagName: "div",
        template: "#search-result-entity-template",
        itemView: Views.SearchResultEntityItemView,
        itemViewContainer: "#search-result-entity-items",
        menuOffset: 40,
        showingAll: false,
        firstLoad: true,
        events: {
            "click #showAll": "showAll",
            "click th": "sortByColumn"
        },
        collectionEvents: {
            "reset": "updateCountDisplay"
        },
        initialize: function () {
            this.sortField = 0;
        },
        // Override from Marionette.CompositeView (CollectionView) 
        // - render the items applicable to the page.
        showCollection: function () {
            var itemView;
            var item;
            var startIndex = 0;
            var endIndex = this.collection.models.length - 1;
            if (!this.showingAll && endIndex > 10)
                endIndex = 10;
            for (var index = startIndex; index <= endIndex; index++) {
                item = this.collection.models[index];
                itemView = this.getItemView(item);
                this.addItemView(item, itemView, index);
            }
        },
        onRender: function () {
            this.updateTableHeader();
            this.updateCountDisplay();
            this.showSortIndicator();
            if (this.firstLoad) {
                this.$el.append("<img src='Content/pIkfp.gif'>");
                this.firstLoad = false;
            }
        },
        updateTableHeader: function () {
            var th = this.$el.find("thead th");
            var entityHierarchy = frog.dashboard.MSDFDashboard.AppModule.AppModel.get("entityHierarchy");
            var renderType = false;
            switch (this.options.searchResult.attributes.dataType) {
                case "Province":
                    $(th[0]).remove();
                    $(th[1]).remove();
                    $(th[2]).remove();
                    $(th[3]).remove();
                    $(th[4]).remove();
                    break;
                case "Region":
                    $(th[0]).remove();
                    $(th[1]).remove();
                    $(th[2]).remove();
                    $(th[3]).remove();
                    break;
                case "District":
                    $(th[0]).remove();
                    $(th[1]).remove();
                    $(th[2]).remove();
                    $.each(entityHierarchy.models, function (index, item) {
                        if (item.get("entityTypeName") == "Region") {
                            renderType = true;
                        }
                    });
                    if (!renderType) {
                        $(th[4]).remove();
                    }
                    break;
                case "Circuit":
                    $(th[0]).remove();
                    $(th[1]).remove();
                    $.each(entityHierarchy.models, function (index, item) {
                        if (item.get("entityTypeName") == "Region") {
                            renderType = true;
                        }
                    });
                    if (!renderType) {
                        $(th[4]).remove();
                    }
                    break;

                case "Cluster":
                    $(th[0]).remove();
                    break;

                case "School":
                    $.each(entityHierarchy.models, function (index, item) {
                        if (item.get("entityTypeName") == "Cluster") {
                            renderType = true;
                        }
                    });
                    if (!renderType) {
                        $(th[1]).remove();
                    }
                    $.each(entityHierarchy.models, function (index, item) {
                        if (item.get("entityTypeName") == "Region") {
                            renderType = true;
                        }
                    });
                    if (!renderType) {
                        $(th[4]).remove();
                    }
                    break;
            };
        },
        updateCountDisplay: function () {
            this.$el.find("img").remove();
            var itemCount = 0;
            if (this.collection && this.collection.models) {
                itemCount = this.collection.models.length;
            }

            this.$("#itemType").html(this.options.searchResult.attributes.dataType + "s");
            this.$("#itemCount").html(itemCount);
            if (itemCount == 100) {
                this.$("#itemsCountMessage").html("Search result returns too many records. Please refine your Search criteria.");
            } else {
                this.$("#itemsCountMessage").html("");
            }

            if (itemCount > 10) {
                this.$el.find("#showAll").show();
                if (this.showingAll) {
                    this.$el.find("#showAll").html("Show First 10");
                }
                else {
                    this.$el.find("#showAll").html("Show All");
                }
            }
        },
        showSortIndicator: function () {
            var elCol = this.$el.find("th[column='" + this.collection.sortAttribute + "']");
            if (this.collection.sortDirection == 1) {
                elCol.addClass("sortAsc");
            }
            else if (this.collection.sortDirection == -1) {
                elCol.addClass("sortDesc");
            }
        },
        showAll: function () {
            this.showingAll = !this.showingAll;
            this.render();
        },
        sortByColumn: function (e) {
            var currentSortAttribute = this.collection.sortAttribute;
            var newSortAttribute = $(e.target).attr("column");

            var sortDirection = this.collection.sortDirection;
            if (newSortAttribute == currentSortAttribute) {
                sortDirection *= -1;
            }
            else {
                sortDirection = 1;
            }

            this.collection.sortByAttribute(newSortAttribute, sortDirection);
            this.render();
        },
    });
});
]]></Code>
    </Snapshot>
    <Snapshot ID="c98f2f21-fdc3-4b60-bf86-2e5f3a92783f" SnapDate="2016-04-07T14:42:17.9814453+02:00">
      <Description>Before finding a successful refactor of SearchResultEntityItemView</Description>
      <Code><![CDATA[frog.dashboard.MSDFDashboard.module('AppModule.ContentModule.SearchModule.Views', function (Views, App, Backbone, Marionette, $, _) {

    Views.SearchResultEntityItemView = Marionette.ItemView.extend({
        template: "", //"#search-result-educators-item-template",
        tagName: "tr",
        events: {
            "click td": "onClick"
        },

        initialize: function () {
        },

        render: function () {
            var el = $(this.el);
            var html = "";
            var entityHierarchy = frog.dashboard.MSDFDashboard.AppModule.AppModel.get("entityHierarchy");

            html += this.createColumnDataHtml(6, entityHierarchy);
            html += this.createColumnDataHtml(5, entityHierarchy);
            html += this.createColumnDataHtml(4, entityHierarchy);
            html += this.createColumnDataHtml(3, entityHierarchy);
            html += this.createColumnDataHtml(2, entityHierarchy);
            html += this.createColumnDataHtml(1, entityHierarchy);

            el.html(html);
            return this;
        },

        createColumnDataHtml: function (entityTypeId, entityHierarchy) {
            var html = "";
            var model = this.model;
            var _this = this;

            if (this.model.attributes.entityTypeId >= entityTypeId) {
                model = this.model;

                var item = _.find(entityHierarchy.models, function (item) {
                    return item.get("entityTypeId") == entityTypeId
                });

                var navigate = _this.allowNavigation(item, entityTypeId);
                html = this.renderEntityType(entityTypeId, navigate);
            }
            return html;
        },

        allowNavigation: function (item, entityTypeId) {
            var initialMenuId = App.AppModule.AppModel.get("initialMenuId");

            // if the entity column maps to a higher 
            // entity level than we're currently in
            // then disable this column's navigation.
            if ((entityTypeId == 4 && initialMenuId > 2) ||
                (entityTypeId == 3 && initialMenuId > 1)) {
                return false;
            }
            else {
                return true;
            }
        },

        renderEntityType: function (entityTypeId, navigate) {
            var style = "";
            var initialMenuId = App.AppModule.AppModel.get("initialMenuId");

            // if the entity column maps to a higher entity level than we're currently in
            // then disable this column's navigation.
            if ((entityTypeId == 4 && initialMenuId > 2) ||
                (entityTypeId == 3 && initialMenuId > 1)) {
                style = ' style="cursor: default"';
            }

            if (!navigate) {
                style = ' style="cursor: default"';
            }


            var html;
            if (this.model.attributes.entities[entityTypeId - 1] == null) {
                if (App.AppModule.AppModel.get("entityName") == "Country") {
                    html = "<td></td>";
                } else {
                    html = "";
                }
            } else {
                html = "<td" + style + ">" + (this.model.attributes.entities[entityTypeId - 1] == null ? "" : this.model.attributes.entities[entityTypeId - 1].entityName) + "</td>";
            }

            return html;
        },

        onClick: function (e) {
            var colIndex = e.target.cellIndex;
            var entityTypeId = $($(e.target).parent().parent().parent().find("th")[colIndex]).attr("entityType");
            var entityId = this.model.attributes.entities[entityTypeId - 1].entityId;
            var entityTypeName = CONSTANTS.EntityType.getName(entityTypeId);
            var entityHierarchy = frog.dashboard.MSDFDashboard.AppModule.AppModel.get("entityHierarchy");
            var navigate = true;

            $.each(entityHierarchy.models, function (index, item) {
                if (item.get("entityTypeId") == entityTypeId) {
                    navigate = true;
                    return false;
                } else {
                    navigate = false;
                }
            });

            if (!navigate) {
                return;
            }

            App.AppModule.AppModel.set("forceMenuRebuild", true);
            App.AppModule.navigateToEntity({ entityId: entityId, entityName: entityTypeName });
            App.AppModule.AppModel.set("forceMenuRebuild", false);
        }
    });

    Views.SearchResultEntityView = Marionette.CompositeView.extend({
        tagName: "div",
        template: "#search-result-entity-template",
        itemView: Views.SearchResultEntityItemView,
        itemViewContainer: "#search-result-entity-items",
        menuOffset: 40,
        showingAll: false,
        firstLoad: true,
        events: {
            "click #showAll": "showAll",
            "click th": "sortByColumn"
        },
        collectionEvents: {
            "reset": "updateCountDisplay"
        },
        initialize: function () {
            this.sortField = 0;
        },
        // Override from Marionette.CompositeView (CollectionView) 
        // - render the items applicable to the page.
        showCollection: function () {
            var itemView;
            var item;
            var startIndex = 0;
            var endIndex = this.collection.models.length - 1;
            if (!this.showingAll && endIndex > 10)
                endIndex = 10;
            for (var index = startIndex; index <= endIndex; index++) {
                item = this.collection.models[index];
                itemView = this.getItemView(item);
                this.addItemView(item, itemView, index);
            }
        },
        onRender: function () {
            this.updateTableHeader();
            this.updateCountDisplay();
            this.showSortIndicator();
            if (this.firstLoad) {
                this.$el.append("<img src='Content/pIkfp.gif'>");
                this.firstLoad = false;
            }
        },
        updateTableHeader: function () {
            var th = this.$el.find("thead th");
            var entityHierarchy = frog.dashboard.MSDFDashboard.AppModule.AppModel.get("entityHierarchy");
            var renderType = false;
            switch (this.options.searchResult.attributes.dataType) {
                case "Province":
                    $(th[0]).remove();
                    $(th[1]).remove();
                    $(th[2]).remove();
                    $(th[3]).remove();
                    $(th[4]).remove();
                    break;
                case "Region":
                    $(th[0]).remove();
                    $(th[1]).remove();
                    $(th[2]).remove();
                    $(th[3]).remove();
                    break;
                case "District":
                    $(th[0]).remove();
                    $(th[1]).remove();
                    $(th[2]).remove();
                    $.each(entityHierarchy.models, function (index, item) {
                        if (item.get("entityTypeName") == "Region") {
                            renderType = true;
                        }
                    });
                    if (!renderType) {
                        $(th[4]).remove();
                    }
                    break;
                case "Circuit":
                    $(th[0]).remove();
                    $(th[1]).remove();
                    $.each(entityHierarchy.models, function (index, item) {
                        if (item.get("entityTypeName") == "Region") {
                            renderType = true;
                        }
                    });
                    if (!renderType) {
                        $(th[4]).remove();
                    }
                    break;

                case "Cluster":
                    $(th[0]).remove();
                    break;

                case "School":
                    $.each(entityHierarchy.models, function (index, item) {
                        if (item.get("entityTypeName") == "Cluster") {
                            renderType = true;
                        }
                    });
                    if (!renderType) {
                        $(th[1]).remove();
                    }
                    $.each(entityHierarchy.models, function (index, item) {
                        if (item.get("entityTypeName") == "Region") {
                            renderType = true;
                        }
                    });
                    if (!renderType) {
                        $(th[4]).remove();
                    }
                    break;
            };
        },
        updateCountDisplay: function () {
            this.$el.find("img").remove();
            var itemCount = 0;
            if (this.collection && this.collection.models) {
                itemCount = this.collection.models.length;
            }

            this.$("#itemType").html(this.options.searchResult.attributes.dataType + "s");
            this.$("#itemCount").html(itemCount);
            if (itemCount == 100) {
                this.$("#itemsCountMessage").html("Search result returns too many records. Please refine your Search criteria.");
            } else {
                this.$("#itemsCountMessage").html("");
            }

            if (itemCount > 10) {
                this.$el.find("#showAll").show();
                if (this.showingAll) {
                    this.$el.find("#showAll").html("Show First 10");
                }
                else {
                    this.$el.find("#showAll").html("Show All");
                }
            }
        },
        showSortIndicator: function () {
            var elCol = this.$el.find("th[column='" + this.collection.sortAttribute + "']");
            if (this.collection.sortDirection == 1) {
                elCol.addClass("sortAsc");
            }
            else if (this.collection.sortDirection == -1) {
                elCol.addClass("sortDesc");
            }
        },
        showAll: function () {
            this.showingAll = !this.showingAll;
            this.render();
        },
        sortByColumn: function (e) {
            var currentSortAttribute = this.collection.sortAttribute;
            var newSortAttribute = $(e.target).attr("column");

            var sortDirection = this.collection.sortDirection;
            if (newSortAttribute == currentSortAttribute) {
                sortDirection *= -1;
            }
            else {
                sortDirection = 1;
            }

            this.collection.sortByAttribute(newSortAttribute, sortDirection);
            this.render();
        },
    });
});
]]></Code>
    </Snapshot>
    <Snapshot ID="d887e8df-ad03-43c9-a279-a626609c8b6f" SnapDate="2016-04-07T12:07:02.211464+02:00">
      <Description>First attempt at factoring navigation has failed.</Description>
      <Code><![CDATA[frog.dashboard.MSDFDashboard.module('AppModule.ContentModule.SearchModule.Views', function (Views, App, Backbone, Marionette, $, _) {

    Views.SearchResultEntityItemView = Marionette.ItemView.extend({
        template: "", //"#search-result-educators-item-template",
        tagName: "tr",
        events: {
            "click td": "onClick"
        },

        initialize: function () {
        },

        render: function () {
            var html = this.createRowDataHtml();

            var el = $(this.el);
            el.html(html);
            return this;
        },

        createRowDataHtml: function () {
            var html = "";

            var currentEntityLevel = this.model.attributes.entityTypeId;
            var entityHierarchy = frog.dashboard.MSDFDashboard.AppModule.AppModel.get("entityHierarchy");

            // create columns for current entity level or child entity levels
            for (var level = currentEntityLevel; level > 0; level--) {
                html += this.createColumnDataHtml(level, entityHierarchy);
            }
            return html;
        },

        createColumnDataHtml: function (entityTypeId, entityHierarchy) {
            var html = "";
            var model = this.model;
            var _this = this;

            // create columns for current entity level or child entity levels
            if (this.model.attributes.entityTypeId >= entityTypeId) {
                model = this.model;

                var item = _.find(entityHierarchy.models, function (item) {
                    return item.get("entityTypeId") == entityTypeId
                });

                var navigate = _this.allowNavigation(item, entityTypeId);
                html = this.renderEntityType(entityTypeId, navigate);
            }
            return html;
        },

        allowNavigation: function (item, entityTypeId) {
            var initialMenuId = App.AppModule.AppModel.get("initialMenuId");

            if (!item) {
                return false;
            }

            // if the entity column maps to a higher 
            // entity level than we're currently in
            // then disable this column's navigation.
            if ((entityTypeId == 4 && initialMenuId > 2) ||
                (entityTypeId == 3 && initialMenuId > 1)) {
                return false;
            }
            else {
                return true;
            }
        },

        renderEntityType: function (entityTypeId, navigate) {
            var style = navigate ? '' : ' style="cursor: default"';
            var html = "";
            if (this.model.attributes.entities[entityTypeId - 1]) {
                html = "<td" + style + ">" + (this.model.attributes.entities[entityTypeId - 1].entityName) + "</td>";
            }

            return html;
        },

        onClick: function (e) {
            var colIndex = e.target.cellIndex;
            var entityTypeId = $($(e.target).parent().parent().parent().find("th")[colIndex]).attr("entityType");
            var entityId = this.model.attributes.entities[entityTypeId - 1].entityId;
            var entityTypeName = CONSTANTS.EntityType.getName(entityTypeId);
            var entityHierarchy = frog.dashboard.MSDFDashboard.AppModule.AppModel.get("entityHierarchy");
            var navigate = true;

            $.each(entityHierarchy.models, function (index, item) {
                if (item.get("entityTypeId") == entityTypeId) {
                    navigate = true;
                    return false;
                } else {
                    navigate = false;
                }
            });

            if (!navigate) {
                return;
            }

            App.AppModule.AppModel.set("forceMenuRebuild", true);
            App.AppModule.navigateToEntity({ entityId: entityId, entityName: entityTypeName });
            App.AppModule.AppModel.set("forceMenuRebuild", false);
        }
    });

    Views.SearchResultEntityView = Marionette.CompositeView.extend({
        tagName: "div",
        template: "#search-result-entity-template",
        itemView: Views.SearchResultEntityItemView,
        itemViewContainer: "#search-result-entity-items",
        menuOffset: 40,
        showingAll: false,
        firstLoad: true,
        events: {
            "click #showAll": "showAll",
            "click th": "sortByColumn"
        },
        collectionEvents: {
            "reset": "updateCountDisplay"
        },
        initialize: function () {
            this.sortField = 0;
        },
        // Override from Marionette.CompositeView (CollectionView) 
        // - render the items applicable to the page.
        showCollection: function () {
            var itemView;
            var item;
            var startIndex = 0;
            var endIndex = this.collection.models.length - 1;
            if (!this.showingAll && endIndex > 10)
                endIndex = 10;
            for (var index = startIndex; index <= endIndex; index++) {
                item = this.collection.models[index];
                itemView = this.getItemView(item);
                this.addItemView(item, itemView, index);
            }
        },
        onRender: function () {
            this.updateTableHeader();
            this.updateCountDisplay();
            this.showSortIndicator();
            if (this.firstLoad) {
                this.$el.append("<img src='Content/pIkfp.gif'>");
                this.firstLoad = false;
            }
        },
        updateTableHeader: function () {
            var th = this.$el.find("thead th");
            var entityHierarchy = frog.dashboard.MSDFDashboard.AppModule.AppModel.get("entityHierarchy");
            var renderType = false;
            switch (this.options.searchResult.attributes.dataType) {
                case "Province":
                    $(th[0]).remove();
                    $(th[1]).remove();
                    $(th[2]).remove();
                    $(th[3]).remove();
                    $(th[4]).remove();
                    break;
                case "Region":
                    $(th[0]).remove();
                    $(th[1]).remove();
                    $(th[2]).remove();
                    $(th[3]).remove();
                    break;
                case "District":
                    $(th[0]).remove();
                    $(th[1]).remove();
                    $(th[2]).remove();
                    $.each(entityHierarchy.models, function (index, item) {
                        if (item.get("entityTypeName") == "Region") {
                            renderType = true;
                        }
                    });
                    if (!renderType) {
                        $(th[4]).remove();
                    }
                    break;
                case "Circuit":
                    $(th[0]).remove();
                    $(th[1]).remove();
                    $.each(entityHierarchy.models, function (index, item) {
                        if (item.get("entityTypeName") == "Region") {
                            renderType = true;
                        }
                    });
                    if (!renderType) {
                        $(th[4]).remove();
                    }
                    break;

                case "Cluster":
                    $(th[0]).remove();
                    break;

                case "School":
                    $.each(entityHierarchy.models, function (index, item) {
                        if (item.get("entityTypeName") == "Cluster") {
                            renderType = true;
                        }
                    });
                    if (!renderType) {
                        $(th[1]).remove();
                    }
                    $.each(entityHierarchy.models, function (index, item) {
                        if (item.get("entityTypeName") == "Region") {
                            renderType = true;
                        }
                    });
                    if (!renderType) {
                        $(th[4]).remove();
                    }
                    break;
            };
        },
        updateCountDisplay: function () {
            this.$el.find("img").remove();
            var itemCount = 0;
            if (this.collection && this.collection.models) {
                itemCount = this.collection.models.length;
            }

            this.$("#itemType").html(this.options.searchResult.attributes.dataType + "s");
            this.$("#itemCount").html(itemCount);
            if (itemCount == 100) {
                this.$("#itemsCountMessage").html("Search result returns too many records. Please refine your Search criteria.");
            } else {
                this.$("#itemsCountMessage").html("");
            }

            if (itemCount > 10) {
                this.$el.find("#showAll").show();
                if (this.showingAll) {
                    this.$el.find("#showAll").html("Show First 10");
                }
                else {
                    this.$el.find("#showAll").html("Show All");
                }
            }
        },
        showSortIndicator: function () {
            var elCol = this.$el.find("th[column='" + this.collection.sortAttribute + "']");
            if (this.collection.sortDirection == 1) {
                elCol.addClass("sortAsc");
            }
            else if (this.collection.sortDirection == -1) {
                elCol.addClass("sortDesc");
            }
        },
        showAll: function () {
            this.showingAll = !this.showingAll;
            this.render();
        },
        sortByColumn: function (e) {
            var currentSortAttribute = this.collection.sortAttribute;
            var newSortAttribute = $(e.target).attr("column");

            var sortDirection = this.collection.sortDirection;
            if (newSortAttribute == currentSortAttribute) {
                sortDirection *= -1;
            }
            else {
                sortDirection = 1;
            }

            this.collection.sortByAttribute(newSortAttribute, sortDirection);
            this.render();
        },
    });
});
]]></Code>
    </Snapshot>
    <Snapshot ID="6bb87a53-316a-4731-ad7f-03dac4ebe3de" SnapDate="2016-04-07T12:06:16.142464+02:00">
      <Description>Before attempting to factor navigation.</Description>
      <Code><![CDATA[frog.dashboard.MSDFDashboard.module('AppModule.ContentModule.SearchModule.Views', function (Views, App, Backbone, Marionette, $, _) {

    Views.SearchResultEntityItemView = Marionette.ItemView.extend({
        template: "", //"#search-result-educators-item-template",
        tagName: "tr",
        events: {
            "click td": "onClick"
        },

        initialize: function () {
        },

        render: function () {
            var el = $(this.el);
            var html = "";
            var entityHierarchy = frog.dashboard.MSDFDashboard.AppModule.AppModel.get("entityHierarchy");

            html += this.createColumnDataHtml(6, entityHierarchy);
            html += this.createColumnDataHtml(5, entityHierarchy);
            html += this.createColumnDataHtml(4, entityHierarchy);
            html += this.createColumnDataHtml(3, entityHierarchy);
            html += this.createColumnDataHtml(2, entityHierarchy);
            html += this.createColumnDataHtml(1, entityHierarchy);

            el.html(html);
            return this;
        },

        createColumnDataHtml: function (entityTypeId, entityHierarchy) {
            var html = "";
            var model = this.model;
            var _this = this;

            if (this.model.attributes.entityTypeId >= entityTypeId) {
                model = this.model;

                var item = _.find(entityHierarchy.models, function (item) {
                    return item.get("entityTypeId") == entityTypeId
                });

                var navigate = _this.allowNavigation(item, entityTypeId);
                html = this.renderEntityType(entityTypeId, navigate);
            }
            return html;
        },

        allowNavigation: function (item, entityTypeId) {
            var initialMenuId = App.AppModule.AppModel.get("initialMenuId");

            // if the entity column maps to a higher 
            // entity level than we're currently in
            // then disable this column's navigation.
            if ((entityTypeId == 4 && initialMenuId > 2) ||
                (entityTypeId == 3 && initialMenuId > 1)) {
                return false;
            }
            else {
                return true;
            }
        },

        renderEntityType: function (entityTypeId, navigate) {
            var style = "";
            var initialMenuId = App.AppModule.AppModel.get("initialMenuId");

            // if the entity column maps to a higher entity level than we're currently in
            // then disable this column's navigation.
            if ((entityTypeId == 4 && initialMenuId > 2) ||
                (entityTypeId == 3 && initialMenuId > 1)) {
                style = ' style="cursor: default"';
            }

            if (!navigate) {
                style = ' style="cursor: default"';
            }


            var html;
            if (this.model.attributes.entities[entityTypeId - 1] == null) {
                if (App.AppModule.AppModel.get("entityName") == "Country") {
                    html = "<td></td>";
                } else {
                    html = "";
                }
            } else {
                html = "<td" + style + ">" + (this.model.attributes.entities[entityTypeId - 1] == null ? "" : this.model.attributes.entities[entityTypeId - 1].entityName) + "</td>";
            }

            return html;
        },

        onClick: function (e) {
            var colIndex = e.target.cellIndex;
            var entityTypeId = $($(e.target).parent().parent().parent().find("th")[colIndex]).attr("entityType");
            var entityId = this.model.attributes.entities[entityTypeId - 1].entityId;
            var entityTypeName = CONSTANTS.EntityType.getName(entityTypeId);
            var entityHierarchy = frog.dashboard.MSDFDashboard.AppModule.AppModel.get("entityHierarchy");
            var navigate = true;

            $.each(entityHierarchy.models, function (index, item) {
                if (item.get("entityTypeId") == entityTypeId) {
                    navigate = true;
                    return false;
                } else {
                    navigate = false;
                }
            });

            if (!navigate) {
                return;
            }

            App.AppModule.AppModel.set("forceMenuRebuild", true);
            App.AppModule.navigateToEntity({ entityId: entityId, entityName: entityTypeName });
            App.AppModule.AppModel.set("forceMenuRebuild", false);
        }
    });

    Views.SearchResultEntityView = Marionette.CompositeView.extend({
        tagName: "div",
        template: "#search-result-entity-template",
        itemView: Views.SearchResultEntityItemView,
        itemViewContainer: "#search-result-entity-items",
        menuOffset: 40,
        showingAll: false,
        firstLoad: true,
        events: {
            "click #showAll": "showAll",
            "click th": "sortByColumn"
        },
        collectionEvents: {
            "reset": "updateCountDisplay"
        },
        initialize: function () {
            this.sortField = 0;
        },
        // Override from Marionette.CompositeView (CollectionView) 
        // - render the items applicable to the page.
        showCollection: function () {
            var itemView;
            var item;
            var startIndex = 0;
            var endIndex = this.collection.models.length - 1;
            if (!this.showingAll && endIndex > 10)
                endIndex = 10;
            for (var index = startIndex; index <= endIndex; index++) {
                item = this.collection.models[index];
                itemView = this.getItemView(item);
                this.addItemView(item, itemView, index);
            }
        },
        onRender: function () {
            this.updateTableHeader();
            this.updateCountDisplay();
            this.showSortIndicator();
            if (this.firstLoad) {
                this.$el.append("<img src='Content/pIkfp.gif'>");
                this.firstLoad = false;
            }
        },
        updateTableHeader: function () {
            var th = this.$el.find("thead th");
            var entityHierarchy = frog.dashboard.MSDFDashboard.AppModule.AppModel.get("entityHierarchy");
            var renderType = false;
            switch (this.options.searchResult.attributes.dataType) {
                case "Province":
                    $(th[0]).remove();
                    $(th[1]).remove();
                    $(th[2]).remove();
                    $(th[3]).remove();
                    $(th[4]).remove();
                    break;
                case "Region":
                    $(th[0]).remove();
                    $(th[1]).remove();
                    $(th[2]).remove();
                    $(th[3]).remove();
                    break;
                case "District":
                    $(th[0]).remove();
                    $(th[1]).remove();
                    $(th[2]).remove();
                    $.each(entityHierarchy.models, function (index, item) {
                        if (item.get("entityTypeName") == "Region") {
                            renderType = true;
                        }
                    });
                    if (!renderType) {
                        $(th[4]).remove();
                    }
                    break;
                case "Circuit":
                    $(th[0]).remove();
                    $(th[1]).remove();
                    $.each(entityHierarchy.models, function (index, item) {
                        if (item.get("entityTypeName") == "Region") {
                            renderType = true;
                        }
                    });
                    if (!renderType) {
                        $(th[4]).remove();
                    }
                    break;

                case "Cluster":
                    $(th[0]).remove();
                    break;

                case "School":
                    $.each(entityHierarchy.models, function (index, item) {
                        if (item.get("entityTypeName") == "Cluster") {
                            renderType = true;
                        }
                    });
                    if (!renderType) {
                        $(th[1]).remove();
                    }
                    $.each(entityHierarchy.models, function (index, item) {
                        if (item.get("entityTypeName") == "Region") {
                            renderType = true;
                        }
                    });
                    if (!renderType) {
                        $(th[4]).remove();
                    }
                    break;
            };
        },
        updateCountDisplay: function () {
            this.$el.find("img").remove();
            var itemCount = 0;
            if (this.collection && this.collection.models) {
                itemCount = this.collection.models.length;
            }

            this.$("#itemType").html(this.options.searchResult.attributes.dataType + "s");
            this.$("#itemCount").html(itemCount);
            if (itemCount == 100) {
                this.$("#itemsCountMessage").html("Search result returns too many records. Please refine your Search criteria.");
            } else {
                this.$("#itemsCountMessage").html("");
            }

            if (itemCount > 10) {
                this.$el.find("#showAll").show();
                if (this.showingAll) {
                    this.$el.find("#showAll").html("Show First 10");
                }
                else {
                    this.$el.find("#showAll").html("Show All");
                }
            }
        },
        showSortIndicator: function () {
            var elCol = this.$el.find("th[column='" + this.collection.sortAttribute + "']");
            if (this.collection.sortDirection == 1) {
                elCol.addClass("sortAsc");
            }
            else if (this.collection.sortDirection == -1) {
                elCol.addClass("sortDesc");
            }
        },
        showAll: function () {
            this.showingAll = !this.showingAll;
            this.render();
        },
        sortByColumn: function (e) {
            var currentSortAttribute = this.collection.sortAttribute;
            var newSortAttribute = $(e.target).attr("column");

            var sortDirection = this.collection.sortDirection;
            if (newSortAttribute == currentSortAttribute) {
                sortDirection *= -1;
            }
            else {
                sortDirection = 1;
            }

            this.collection.sortByAttribute(newSortAttribute, sortDirection);
            this.render();
        },
    });
});
]]></Code>
    </Snapshot>
  </Snapshots>
</Snippet>