﻿<?xml version="1.0" encoding="utf-8"?>
<Snippet ID="3bf42a52-6443-42e1-8ed7-f994a9aba59f" Syntax="HTML" Hits="1">
  <Code><![CDATA[
<!doctype html>
<html>
	<head>
		<meta charset="utf-8">
		<title>FAQ Section - View the question and the answer. Toggle effect.</title>
		<link rel="stylesheet" href="style.css">
		<Style>
			body {
				width: 500px;
				margin: auto;
				text-align: center;
			}
			dl {
			}
			dd {
				margin:0;
				padding: 1em 0;
			}
			dt {
				cursor: pointer;
				font-weight: bold;
				font-size: 1.5em;
				line-height: 2em;
				background: #e3e3e3;
				border-bottom: 1px solid #c5c5c5;
				border-top: 1px solid white;
			}
			dt:first-child { 
				border-top: none; 
			}
			dt:nth-last-child(2) {
				border-bottom: none;
			}
			.hide { display: none; }
		</Style>
	</head>
	<body>
		<dl>
			<dt>What are your hours?</dt>
			<dd>We are open 24/7</dd>
			<dt>What are your hours?</dt>
			<dd>We are open 24/7</dd>
			<dt>What are your hours?</dt>
			<dd>We are open 24/7</dd>
			<dt>What are your hours?</dt>
			<dd>We are open 24/7</dd>
			<dt>What are your hours?</dt>
			<dd>We are open 24/7</dd>
			<dt>What are your hours?</dt>
			<dd>We are open 24/7</dd>
		</dl>
		
		<script src="http://code.jquery.com/jquery-1.7.1.min.js"></script>
		
		<script>
			(function() {				
				
				/*
				// first rough attempt:
				$('dd').filter(':nth-child(n+4)').addClass('hide');
				$('dt').on('mouseenter', function() {
					$(this).next().siblings('dd').hide();
					$(this).next().show();
				});
				*/
				
				// refactored and refined to use slide... event added to parent so that we don't
				// repeat event listeners for each dt. Better performance.
				$('dd').filter(':nth-child(n+4)').addClass('hide');
				$('dl').on('mouseenter', 'dt', function() {
					$(this)
						.next().slideDown(200)			// slide down the dd below this dt.
						.siblings('dd').slideUp(200);	// slide everything else up.
				});
				
			})();
		</script>
	</body>
</html>





]]></Code>
  <Snapshots />
</Snippet>