<CodeCat_CodeIndex Version="4.1">
  <IndexItem ID="22d6b42e-11ff-4e81-8c41-bc59e7f92475">
    <Title>Copy Directory (and recursive sub-directories and files)</Title>
    <DateCreated>2016-11-29T18:22:59.2849117+02:00</DateCreated>
    <DateModified>2017-03-25T07:00:27.8410171+02:00</DateModified>
    <Keywords>COPY,DIRECTORY,FOLDER,RECURSION,RECURSIVE</Keywords>
    <Syntax>C#</Syntax>
  </IndexItem>
  <IndexItem ID="0190d750-ebd3-4f79-b394-18a09f8d0164">
    <Title>MVC - Caching Approach (Your implementation in Mabu)</Title>
    <DateCreated>2016-11-22T15:37:35.8748406+02:00</DateCreated>
    <DateModified>2017-03-25T07:00:27.8410171+02:00</DateModified>
    <Keywords>CACHING,LOOKUP,LOOKUP TABLE,MVC</Keywords>
    <Syntax>C#</Syntax>
  </IndexItem>
  <IndexItem ID="09540644-955d-4306-8b25-d8b3d47d0bee">
    <Title>MVC Child Actions</Title>
    <DateCreated>2016-11-22T10:53:13.9566154+02:00</DateCreated>
    <DateModified>2017-03-25T07:00:27.84202+02:00</DateModified>
    <Keywords>CHILD ACTION,MVC,VIEW</Keywords>
    <Syntax>C#</Syntax>
  </IndexItem>
  <IndexItem ID="30d35860-83f5-4193-97a4-570b9bdeaf0f">
    <Title>AJAX  to WebAPI - GET - Pass Arguments from AJAX</Title>
    <DateCreated>2016-03-03T11:45:14.4057359+02:00</DateCreated>
    <DateModified>2017-03-25T07:00:27.84202+02:00</DateModified>
    <Keywords>AJAX,JSON,WEB API,WEBAPI</Keywords>
    <Syntax>TEXT</Syntax>
  </IndexItem>
  <IndexItem ID="4b959dc8-6f03-4619-9dd7-4b333b4d496b">
    <Title>Ajax helper methods created by yourself on the MSDF project + load template with ajax</Title>
    <DateCreated>2016-03-22T14:14:20.5877709+02:00</DateCreated>
    <DateModified>2017-03-25T07:00:27.84202+02:00</DateModified>
    <Keywords>AJAX,EXTERNAL,HANDLEBARS,JQUERY,JSON,TEMPLATE</Keywords>
    <Syntax>JAVASCRIPT</Syntax>
  </IndexItem>
  <IndexItem ID="c732f2e0-b2e1-4445-9b32-3ff4f54a1008">
    <Title>Automatic Table of Contents (TOC) for a web page using JavaScript and CSS</Title>
    <DateCreated>2016-10-11T07:50:37.5835305+02:00</DateCreated>
    <DateModified>2017-03-25T07:00:27.84202+02:00</DateModified>
    <Keywords>HEADERS,INDEX,TABLE OF CONTENTS,TOC</Keywords>
    <Syntax>TEXT</Syntax>
  </IndexItem>
  <IndexItem ID="05de6e39-3f57-43ce-8f30-09c4623183df">
    <Title>Basic examples of process handling using C# (System.Diagnostics.Process)</Title>
    <DateCreated>2016-10-11T16:37:21.9147437+02:00</DateCreated>
    <DateModified>2017-03-25T07:00:27.84202+02:00</DateModified>
    <Keywords>C#,DIAGNOSTICS,EXECUTE,KILL,PROCESS,SPAWN,START,THREAD,THREADING,THREADS</Keywords>
    <Syntax>C#</Syntax>
  </IndexItem>
  <IndexItem ID="7e146efa-d9f0-4d15-8291-5f2e451e237a">
    <Title>C# Structs - BBD Test Question</Title>
    <DateCreated>2016-10-11T08:33:53.2115678+02:00</DateCreated>
    <DateModified>2017-03-25T07:00:27.84202+02:00</DateModified>
    <Keywords>BBD,C#,QUESTION,STRUCT,TEST</Keywords>
    <Syntax>C#</Syntax>
  </IndexItem>
  <IndexItem ID="3e223c1b-99b5-401d-b91f-e967a8fce783">
    <Title>Calculate running totals in SQL Server</Title>
    <DateCreated>2016-10-11T08:31:11.847433+02:00</DateCreated>
    <DateModified>2017-03-25T07:00:27.84202+02:00</DateModified>
    <Keywords>CALCULATE,CALCULATION,RUNNING TOTAL,SQL,SUM,TOTAL</Keywords>
    <Syntax>SQLSERVER2K_SQL</Syntax>
  </IndexItem>
  <IndexItem ID="84d0a2fd-f4d1-442b-bbdd-ba67309506c9">
    <Title>Calculate the mortgage or bond in javascript</Title>
    <DateCreated>2016-10-11T08:51:58.3535713+02:00</DateCreated>
    <DateModified>2017-03-25T07:00:27.84202+02:00</DateModified>
    <Keywords>ALGEBRA,BOND,INTEREST,INTEREST RATE,JAVASCRIPT,MATH,MORTGAGE</Keywords>
    <Syntax>JAVASCRIPT</Syntax>
  </IndexItem>
  <IndexItem ID="1a78f9e1-deb5-490e-ad96-826934b0576d">
    <Title>Calendar: Find the previous Monday of the StartDate and the next Friday of the EndDate.</Title>
    <DateCreated>2015-11-27T14:11:00.3889984+02:00</DateCreated>
    <DateModified>2017-03-25T07:00:27.84202+02:00</DateModified>
    <Keywords>CALENDAR,DATE,DATES,FRIDAY,MONDAY,NEXT,PREVIOUS,SQL</Keywords>
    <Syntax>SQLSERVER2K_SQL</Syntax>
  </IndexItem>
  <IndexItem ID="efffaf6f-0660-4fbb-9229-4cbc5e4550b2">
    <Title>Cleaning up for garbage removal in C# using IDisposable and Finalize</Title>
    <DateCreated>2016-10-11T09:07:43.3645211+02:00</DateCreated>
    <DateModified>2019-02-20T11:44:35.6555229+02:00</DateModified>
    <Keywords>C#,CLEAN UP,CLEANUP,CLOSE,DESTRUCTOR,DISPOSABLE,DISPOSE,FINALIZE,FREE UP RESOURCES,GARBAGE COLLECTION,IDISPOSABLE,TEAR DOWN</Keywords>
    <Syntax>C#</Syntax>
  </IndexItem>
  <IndexItem ID="2566c83d-927f-4bc4-813a-d37a97ab99b6">
    <Title>Create a number range from 1 to 10 in SQL</Title>
    <DateCreated>2016-10-11T07:54:03.2280929+02:00</DateCreated>
    <DateModified>2017-03-25T07:00:27.84202+02:00</DateModified>
    <Keywords>NUMBER,RANGE,SQL</Keywords>
    <Syntax>SQLSERVER2K_SQL</Syntax>
  </IndexItem>
  <IndexItem ID="ee7e44fc-6bd4-41af-bb57-769d275d0be8">
    <Title>Currying in Javascript</Title>
    <DateCreated>2016-10-07T11:26:46.2795441+02:00</DateCreated>
    <DateModified>2017-03-25T07:00:27.84202+02:00</DateModified>
    <Keywords>ALGORITHM,ARITY,BOYER-MOORE,CURRY,CURRYING,FUNCTION,HORSPOOL,JAVASCRIPT,SEARCH,SUBSTRING</Keywords>
    <Syntax>JAVASCRIPT</Syntax>
  </IndexItem>
  <IndexItem ID="f3047104-b614-4bd7-b811-07d965035c1a">
    <Title>Custom string formatter</Title>
    <DateCreated>2016-08-19T16:27:15.475076+02:00</DateCreated>
    <DateModified>2017-03-25T07:00:27.84202+02:00</DateModified>
    <Keywords>CUSTOM,FORMAT,FORMATTER,STRING</Keywords>
    <Syntax>C#</Syntax>
  </IndexItem>
  <IndexItem ID="45f37f4b-07fb-4d04-b763-c9679bbbebbd">
    <Title>Dashboard: Create a custom module as a "sub-application"</Title>
    <DateCreated>2016-04-19T13:45:18.9577381+02:00</DateCreated>
    <DateModified>2017-03-25T07:00:27.84202+02:00</DateModified>
    <Keywords>MODULE,NAVIGATE,NAVIGATION,REFACTOR,REWRITE</Keywords>
    <Syntax>JAVASCRIPT</Syntax>
  </IndexItem>
  <IndexItem ID="3a5f5d56-506f-4a86-9373-659de66eb20c">
    <Title>DataTables.js - Example CSS that can be used to style the DataTable</Title>
    <DateCreated>2016-10-05T10:01:45.3186607+02:00</DateCreated>
    <DateModified>2017-03-25T07:00:27.8430228+02:00</DateModified>
    <Keywords>CSS,DATATABLE,STYLE,TABLE</Keywords>
    <Syntax>CSS</Syntax>
  </IndexItem>
  <IndexItem ID="2e0bdf09-3429-48cf-92f3-cd2679a8c81d">
    <Title>Design Patterns - Adaptor</Title>
    <DateCreated>2016-10-07T14:51:56.7196724+02:00</DateCreated>
    <DateModified>2017-03-25T07:00:27.8430228+02:00</DateModified>
    <Keywords>ADAPTOR,DESIGN,DESIGN PATTERN,PATTERN</Keywords>
    <Syntax>TEXT</Syntax>
  </IndexItem>
  <IndexItem ID="3f63c43a-4f63-4bf6-882c-a6da466af046">
    <Title>Design Patterns - Builder</Title>
    <DateCreated>2016-10-07T14:55:31.878738+02:00</DateCreated>
    <DateModified>2017-03-25T07:00:27.8430228+02:00</DateModified>
    <Keywords>BUILDER,DESIGN,DESIGN PATTERN,PATTERN</Keywords>
    <Syntax>TEXT</Syntax>
  </IndexItem>
  <IndexItem ID="1e2a508d-2e5c-49fe-b644-a1e6912ccff2">
    <Title>Design Patterns - Command</Title>
    <DateCreated>2016-10-07T15:05:01.2413402+02:00</DateCreated>
    <DateModified>2017-03-25T07:00:27.8430228+02:00</DateModified>
    <Keywords>COMMAND,DESIGN,DESIGN PATTERN,PATTERN</Keywords>
    <Syntax>C#</Syntax>
  </IndexItem>
  <IndexItem ID="27e1a3a1-5449-46c7-a54c-3036b37e4c23">
    <Title>Design Patterns - Composite</Title>
    <DateCreated>2016-10-07T14:50:28.1024666+02:00</DateCreated>
    <DateModified>2017-03-25T07:00:27.8430228+02:00</DateModified>
    <Keywords>COMPOSITE,DESIGN,DESIGN PATTERN,PATTERN</Keywords>
    <Syntax>TEXT</Syntax>
  </IndexItem>
  <IndexItem ID="26a5638c-dd20-4566-bf4c-46798f4075bc">
    <Title>Design Patterns - Facade</Title>
    <DateCreated>2016-10-07T14:48:52.9178012+02:00</DateCreated>
    <DateModified>2017-03-25T07:00:27.8430228+02:00</DateModified>
    <Keywords>DESIGN,DESIGN PATTERN,FACADE,PATTERN</Keywords>
    <Syntax>TEXT</Syntax>
  </IndexItem>
  <IndexItem ID="0b34e18c-f3be-4c5c-b124-1075c39b4ff3">
    <Title>Design Patterns - Flyweight</Title>
    <DateCreated>2016-10-07T14:47:57.1568956+02:00</DateCreated>
    <DateModified>2017-03-25T07:00:27.8430228+02:00</DateModified>
    <Keywords>DESIGN,DESIGN PATTERN,FLYWEIGHT,PATTERN,STRING INTERN</Keywords>
    <Syntax>TEXT</Syntax>
  </IndexItem>
  <IndexItem ID="67259d0d-6ceb-4879-981f-0cc321b56ed7">
    <Title>Design Patterns - Interpreter</Title>
    <DateCreated>2016-10-07T15:02:46.5683423+02:00</DateCreated>
    <DateModified>2017-03-25T07:00:27.8430228+02:00</DateModified>
    <Keywords>DESIGN,DESIGN PATTERN,INTERPRETER,PATTERN</Keywords>
    <Syntax>C#</Syntax>
  </IndexItem>
  <IndexItem ID="632898b0-5173-4b72-8d81-b5d1da233260">
    <Title>Design Patterns - Iterator</Title>
    <DateCreated>2016-10-07T15:00:50.0838686+02:00</DateCreated>
    <DateModified>2017-03-25T07:00:27.8430228+02:00</DateModified>
    <Keywords>DESIGN,DESIGN PATTERN,ITERATOR,PATTERN</Keywords>
    <Syntax>C#</Syntax>
  </IndexItem>
  <IndexItem ID="7174db3a-e181-447e-99c2-65e812d6fc22">
    <Title>Design Patterns - Layered Supertype</Title>
    <DateCreated>2016-10-07T15:15:52.8569162+02:00</DateCreated>
    <DateModified>2017-03-25T07:00:27.8430228+02:00</DateModified>
    <Keywords>DDD,DESIGN,DESIGN PATTERN,ENTITY,IDENTITY,INFRASTRUCTURE,LAYERED SUPERTYPE,PATTERN</Keywords>
    <Syntax>C#</Syntax>
  </IndexItem>
  <IndexItem ID="04c1352b-016f-4ac9-a779-c1ac0ea1e740">
    <Title>Design Patterns - Prototype</Title>
    <DateCreated>2016-10-07T14:52:55.5257904+02:00</DateCreated>
    <DateModified>2017-03-25T07:00:27.8430228+02:00</DateModified>
    <Keywords>DESIGN,DESIGN PATTERN,PATTERN,PROTOTYPE</Keywords>
    <Syntax>TEXT</Syntax>
  </IndexItem>
  <IndexItem ID="022cf8b0-3702-4d07-9beb-6cd4a980dac4">
    <Title>Design Patterns - Proxy</Title>
    <DateCreated>2016-10-07T14:46:53.4264328+02:00</DateCreated>
    <DateModified>2017-03-25T07:00:27.8430228+02:00</DateModified>
    <Keywords>DESIGN,DESIGN PATTERN,PATTERN,PROXY</Keywords>
    <Syntax>TEXT</Syntax>
  </IndexItem>
  <IndexItem ID="0f2b151e-1c14-4fe3-bcf8-5bc5194713f1">
    <Title>Detecting the device (mobile, desktop)</Title>
    <DateCreated>2016-11-16T14:11:25.5987086+02:00</DateCreated>
    <DateModified>2017-03-25T07:00:27.8430228+02:00</DateModified>
    <Keywords>DESKTOP,DEVICE,MOBILE,SCREEN</Keywords>
    <Syntax>TEXT</Syntax>
  </IndexItem>
  <IndexItem ID="d683079e-8091-4935-acbd-ac4002ba0f45">
    <Title>Difference between @table, #table and ##table</Title>
    <DateCreated>2016-08-02T12:44:58.8821684+02:00</DateCreated>
    <DateModified>2017-03-25T07:00:27.8430228+02:00</DateModified>
    <Keywords>TABLE,TEMP,VARIABLE</Keywords>
    <Syntax>SQLSERVER2K_SQL</Syntax>
  </IndexItem>
  <IndexItem ID="2ef87097-15d7-4d47-a162-917fa737fa47">
    <Title>Early and late binding in javascript</Title>
    <DateCreated>2016-10-11T08:52:43.3200675+02:00</DateCreated>
    <DateModified>2017-03-25T07:00:27.8430228+02:00</DateModified>
    <Keywords>BINDING,EARLY,ECMASCRIPT,JAVASCRIPT,LATE</Keywords>
    <Syntax>TEXT</Syntax>
  </IndexItem>
  <IndexItem ID="c3a61d3e-bc78-46ee-a573-04196dfc7c6b">
    <Title>Fix design time error where designer tries to set property at dessign time</Title>
    <DateCreated>2016-10-11T16:36:30.2675795+02:00</DateCreated>
    <DateModified>2017-06-21T15:42:48.7083554+02:00</DateModified>
    <Keywords>C#,DESIGN,DESIGN TIME,DESIGNER,ERROR,FAIL,FAILED,FORM,FORMS,HIDDEN,HIDE,INHERIT,INHERITED,PROPERTY,SERIALIZATION,SERIALIZE,TIME,USERCONTROL</Keywords>
    <Syntax>C#</Syntax>
  </IndexItem>
  <IndexItem ID="3107907e-34a9-4cf8-82ef-e8946295b2c9">
    <Title>Four rules for how the "this" keyword gets bound in Javascript</Title>
    <DateCreated>2016-10-11T08:53:49.0376386+02:00</DateCreated>
    <DateModified>2017-03-25T07:00:27.8430228+02:00</DateModified>
    <Keywords>APPLY,BIND,BINDING,CALL,HARD BINDING,JAVASCRIPT,POLYFILL,SCOPE,SCOPING,THIS</Keywords>
    <Syntax>JAVASCRIPT</Syntax>
  </IndexItem>
  <IndexItem ID="89f524e9-e886-4382-931f-dbde55fd07f3">
    <Title>Generators - HTML5 and CSS3 Form and Input Generators (Web-based)</Title>
    <DateCreated>2016-06-10T08:49:47.0528181+02:00</DateCreated>
    <DateModified>2017-03-25T07:00:27.8430228+02:00</DateModified>
    <Keywords>CSS,GENERATE,GENERATOR,HTML</Keywords>
    <Syntax>TEXT</Syntax>
  </IndexItem>
  <IndexItem ID="e36db987-579b-4909-aed1-cf89dbd3d99f">
    <Title>Get CDROM properties using WMI in C#</Title>
    <DateCreated>2016-10-11T16:15:26.6302284+02:00</DateCreated>
    <DateModified>2017-03-25T07:00:27.8430228+02:00</DateModified>
    <Keywords>C#,CD,CDROM,DRIVE,DRIVE PROPERTIES,WMI</Keywords>
    <Syntax>C#</Syntax>
  </IndexItem>
  <IndexItem ID="fbccabdb-bcdf-4f2d-a86b-d24388adeb61">
    <Title>Get next menu items for level ( pFE_Menu_GetMenuItems)</Title>
    <DateCreated>2016-04-04T13:05:22.1798996+02:00</DateCreated>
    <DateModified>2017-03-25T07:00:27.8430228+02:00</DateModified>
    <Keywords>CHILD,CHILDREN,ENTITIES,ENTITY,LEVEL,MENU,NAVIGATE,NAVIGATION,NEXT</Keywords>
    <Syntax>SQLSERVER2K_SQL</Syntax>
  </IndexItem>
  <IndexItem ID="eaf1b8bf-2846-42f0-9ca0-26ffadf0c764">
    <Title>Get the Max. No in a Set of values in SQL</Title>
    <DateCreated>2016-10-11T08:30:29.1261613+02:00</DateCreated>
    <DateModified>2017-03-25T07:00:27.8430228+02:00</DateModified>
    <Keywords>MAX,MAXIMUM,SQL</Keywords>
    <Syntax>SQLSERVER2K_SQL</Syntax>
  </IndexItem>
  <IndexItem ID="2ab8e30b-2a7c-49a1-b6dc-9eb9fbb0a5f8">
    <Title>How to use COALESCE in SQL Server</Title>
    <DateCreated>2016-10-11T16:46:30.2445712+02:00</DateCreated>
    <DateModified>2017-03-25T07:00:27.8430228+02:00</DateModified>
    <Keywords>COALESCE,NULL,NULLABLE,QUERIES,QUERY,SQL,SQL SERVER</Keywords>
    <Syntax>SQLSERVER2K_SQL</Syntax>
  </IndexItem>
  <IndexItem ID="c12ac99a-051f-4e74-bc4e-25fb11977dad">
    <Title>HTML Checkbox - Get Ids of all selected checkboxes using name with jQuery</Title>
    <DateCreated>2016-10-11T16:21:14.2499869+02:00</DateCreated>
    <DateModified>2017-03-25T07:00:27.8430228+02:00</DateModified>
    <Keywords>CHECKBOX,HTML,INPUT,JQUERY</Keywords>
    <Syntax>HTML</Syntax>
  </IndexItem>
  <IndexItem ID="125ae01e-457e-468d-8118-60ecbac78855">
    <Title>Image and formatted command buttons in WPF</Title>
    <DateCreated>2016-10-11T16:39:01.8167329+02:00</DateCreated>
    <DateModified>2017-03-25T07:00:27.8430228+02:00</DateModified>
    <Keywords>BUTTON,FORMATTED,IMAGE BUTTON,WPF,XAML</Keywords>
    <Syntax>XAML</Syntax>
  </IndexItem>
  <IndexItem ID="f4aa74d8-215a-4149-abf0-2f6fa612a992">
    <Title>Important Methods of java.lang.Object</Title>
    <DateCreated>2016-10-07T15:18:19.3155105+02:00</DateCreated>
    <DateModified>2017-03-25T07:00:27.8430228+02:00</DateModified>
    <Keywords>BASE,DDD,DESIGN,DESIGN PATTERN,DOMAIN DRIVEN DESIGN,ENTITY,IDENTITY,INFRASTRUCTURE,JAVA,LAYERED SUPERTYPE,OBJECT,PATTERN,VALUE,VALUE OBJECT</Keywords>
    <Syntax>JAVASCRIPT</Syntax>
  </IndexItem>
  <IndexItem ID="6f4c78d5-7a59-41f6-beb2-643fe051e8fe">
    <Title>Javascript - Namespacing (including object constructors)</Title>
    <DateCreated>2016-10-11T08:49:58.6896061+02:00</DateCreated>
    <DateModified>2017-03-25T07:00:27.8430228+02:00</DateModified>
    <Keywords>CONSTRUCTOR,JAVASCRIPT,NAMESPACE,NAMESPACES</Keywords>
    <Syntax>JAVASCRIPT</Syntax>
  </IndexItem>
  <IndexItem ID="b83eddc8-c86a-47ee-a19d-7457c10614fa">
    <Title>JavaScript - Options and default values</Title>
    <DateCreated>2016-10-11T08:36:33.1585609+02:00</DateCreated>
    <DateModified>2019-09-16T15:18:11.4644325+02:00</DateModified>
    <Keywords>DEFAULT,DEFAULT OPTIONS,DEFAULTS,JAVASCRIPT,OPTION,OPTIONS,PARAMETER,PARAMETERS</Keywords>
    <Syntax>JAVASCRIPT</Syntax>
  </IndexItem>
  <IndexItem ID="ea35dfc8-b38d-4edf-a489-7e57836981c7">
    <Title>Javascript - Parse URL (Get components of URL)</Title>
    <DateCreated>2016-10-11T07:47:39.990773+02:00</DateCreated>
    <DateModified>2017-03-25T07:00:27.8430228+02:00</DateModified>
    <Keywords>HYPERLINK,JAVASCRIPT,PARSE,PARSER,URI,URL</Keywords>
    <Syntax>JAVASCRIPT</Syntax>
  </IndexItem>
  <IndexItem ID="b18b6516-337c-4578-86a9-8acf99de8722">
    <Title>Javascript classic DOM manipulation</Title>
    <DateCreated>2016-10-07T11:25:46.6773711+02:00</DateCreated>
    <DateModified>2019-11-25T09:50:44.2111478+02:00</DateModified>
    <Keywords>DOM,DOM MANIPULATION,ELEMENT,ELEMENTS,FIND,JAVASCRIPT,SEARCH</Keywords>
    <Syntax>JAVASCRIPT</Syntax>
  </IndexItem>
  <IndexItem ID="d8b5fd16-176d-4a53-a117-de72607d6935">
    <Title>Javascript closures and how to use them</Title>
    <DateCreated>2016-10-07T11:22:37.9041537+02:00</DateCreated>
    <DateModified>2017-03-25T07:00:27.8430228+02:00</DateModified>
    <Keywords>CLOSURE,CLOSURES,JAVASCRIPT</Keywords>
    <Syntax>JAVASCRIPT</Syntax>
  </IndexItem>
  <IndexItem ID="0d9c7399-710f-48b5-83a4-a64acafac00e">
    <Title>Javascript date example code</Title>
    <DateCreated>2016-10-07T11:23:52.621386+02:00</DateCreated>
    <DateModified>2019-08-30T12:15:59.336544+02:00</DateModified>
    <Keywords>DATE,DATES,JAVASCRIPT,LOAD,METRIC,PERFORMANCE,RESPONSE,RESPONSE TIME,TIME</Keywords>
    <Syntax>JAVASCRIPT</Syntax>
  </IndexItem>
  <IndexItem ID="54f33f27-aba2-4200-8bc2-7395033b60da">
    <Title>Javascript escape HTML and special characters</Title>
    <DateCreated>2016-10-11T08:53:20.4447796+02:00</DateCreated>
    <DateModified>2017-03-25T07:00:27.8440253+02:00</DateModified>
    <Keywords>CHARACTER,CHARACTERS,ESCAPE,HTML,JAVASCRIPT,SPECIAL</Keywords>
    <Syntax>JAVASCRIPT</Syntax>
  </IndexItem>
  <IndexItem ID="7ea83033-fbad-4090-bf57-6a80019415c9">
    <Title>Javascript news scroller</Title>
    <DateCreated>2016-10-11T16:35:56.9122443+02:00</DateCreated>
    <DateModified>2017-03-25T07:00:27.8440253+02:00</DateModified>
    <Keywords>JAVASCRIPT,NEWS,SCROLLER</Keywords>
    <Syntax>TEXT</Syntax>
  </IndexItem>
  <IndexItem ID="097ca902-f631-4ae9-b975-baefe002a8bd">
    <Title>Javascript numbers and floating points</Title>
    <DateCreated>2016-10-07T11:55:15.1141976+02:00</DateCreated>
    <DateModified>2017-03-25T07:00:27.8440253+02:00</DateModified>
    <Keywords>BIGGEST,DOUBLE,FIXED,FLOAT,INTEGER,JAVASCRIPT,MAX,MIN,MODULO,MODULUS,NAN,NUMBER,PRECISION,ROUND,ROUNDING,SMALLEST</Keywords>
    <Syntax>JAVASCRIPT</Syntax>
  </IndexItem>
  <IndexItem ID="8751d6ca-ecd8-4e83-bab5-c08f5777362e">
    <Title>Javascript strict comparison operator vs normal comparison operator</Title>
    <DateCreated>2016-10-07T11:41:28.3681272+02:00</DateCreated>
    <DateModified>2017-03-25T07:00:27.8440253+02:00</DateModified>
    <Keywords>COMPARISION OPERATIOR,COMPARISON,JAVASCRIPT,OPERATOR,STRICT,STRICT COMPARISON</Keywords>
    <Syntax>JAVASCRIPT</Syntax>
  </IndexItem>
  <IndexItem ID="1b97dfe2-00d4-4fc7-85a3-2107c715ed66">
    <Title>jQuery - Prompts</Title>
    <DateCreated>2016-09-16T13:37:40.2777643+02:00</DateCreated>
    <DateModified>2017-03-25T07:00:27.8440253+02:00</DateModified>
    <Keywords>ALERT,CONFIRM,DIALOG,JQUERY,MODAL,PROMPT</Keywords>
    <Syntax>JAVASCRIPT</Syntax>
  </IndexItem>
  <IndexItem ID="3bf42a52-6443-42e1-8ed7-f994a9aba59f">
    <Title>jQuery - FAQ Section (View the question and the answer. Toggle effect)</Title>
    <DateCreated>2016-10-11T16:22:45.0930703+02:00</DateCreated>
    <DateModified>2017-03-25T07:00:27.8440253+02:00</DateModified>
    <Keywords>ACCORDIAN,EVENT,EVENTS,FAQ,HOVER,JQUERY,MOUSEENTER,SLIDE,TOGGLE</Keywords>
    <Syntax>HTML</Syntax>
  </IndexItem>
  <IndexItem ID="8c97add1-7060-41b7-bd3d-a273c36021e2">
    <Title>Learner Attendance (Test Queries)</Title>
    <DateCreated>2016-10-27T15:09:24.3634243+02:00</DateCreated>
    <DateModified>2017-03-25T07:00:27.8440253+02:00</DateModified>
    <Keywords>INTERIM,LOOP,TERM TO DATE,WHILE</Keywords>
    <Syntax>TEXT</Syntax>
  </IndexItem>
  <IndexItem ID="8e3fba4c-adeb-4be5-b30f-ceb5d64a5d64">
    <Title>Logical Expressions - Transformations of Logical Expressions under DeMorgan's Theorems</Title>
    <DateCreated>2016-10-11T07:51:45.8073522+02:00</DateCreated>
    <DateModified>2017-03-25T07:00:27.8440253+02:00</DateModified>
    <Keywords>AND,COMPARE,COMPARISON,COMPARISONS,DE MORGAN,DEMORGAN,DEMORGAN'S THEOREM,EXPRESSION,LOGIC,LOGIC EXPRESSION,LOGICAL,LOGICAL EXPRESSION,NEGATE,NOT,OPERATOR,OR</Keywords>
    <Syntax>TEXT</Syntax>
  </IndexItem>
  <IndexItem ID="a9439df9-b32a-439b-a496-c93cc3e03763">
    <Title>Long division code in javascript (your code - you tried a few ideas out)</Title>
    <DateCreated>2016-10-11T08:55:44.0981435+02:00</DateCreated>
    <DateModified>2017-03-25T07:00:27.8440253+02:00</DateModified>
    <Keywords>DIVISION,JAVASCRIPT,LONG DIVISION,MATH</Keywords>
    <Syntax>JAVASCRIPT</Syntax>
  </IndexItem>
  <IndexItem ID="287029f4-45ff-4cd9-9d73-443be5ddd693">
    <Title>Main Menu: breadcrumb.js skeleton module with some information about it</Title>
    <DateCreated>2016-04-05T11:43:17.0024563+02:00</DateCreated>
    <DateModified>2017-03-25T07:00:27.8440253+02:00</DateModified>
    <Keywords>BREADCRUMB,MENU</Keywords>
    <Syntax>JAVASCRIPT</Syntax>
  </IndexItem>
  <IndexItem ID="7e6b6f3b-d606-4111-a6e7-e0b5b3e8df3e">
    <Title>Manipulating the HTML5 history object (pushState, replaceState)</Title>
    <DateCreated>2016-04-22T14:08:28.9352791+02:00</DateCreated>
    <DateModified>2017-03-25T07:00:27.8440253+02:00</DateModified>
    <Keywords>HISTORY,HTML5,NAVIGATE,NAVIGATION,REFACTOR</Keywords>
    <Syntax>JAVASCRIPT</Syntax>
  </IndexItem>
  <IndexItem ID="ca741516-8dbb-4b9f-8880-8760357b44fc">
    <Title>Menu Bug: Get entity wellness detail ( pFE_Entity_GetWellnessDetails )</Title>
    <DateCreated>2016-04-04T13:07:09.899654+02:00</DateCreated>
    <DateModified>2017-03-25T07:00:27.8440253+02:00</DateModified>
    <Keywords>ERROR,LEVEL,MENU,NAVIGATE,NAVIGATION</Keywords>
    <Syntax>SQLSERVER2K_SQL</Syntax>
  </IndexItem>
  <IndexItem ID="c489c7e9-96d9-4eab-b2e1-7ce0ec175fee">
    <Title>Nuget - Install a package to the project from the Package Manager Console</Title>
    <DateCreated>2016-10-10T11:50:50.1942721+02:00</DateCreated>
    <DateModified>2017-03-25T07:00:27.8440253+02:00</DateModified>
    <Keywords>INSTALL,NUGET,PACKAGE</Keywords>
    <Syntax>TEXT</Syntax>
  </IndexItem>
  <IndexItem ID="9fd68355-ce96-4eff-bab5-2320a1a12dea">
    <Title>Object creation patterns using Javascript</Title>
    <DateCreated>2016-10-07T11:11:45.7390551+02:00</DateCreated>
    <DateModified>2017-03-25T07:00:27.8440253+02:00</DateModified>
    <Keywords>ARGUMENT,CREATE,GET,INHERITANCE,INSTANTIATE,JAVASCRIPT,NEW,NEW OBJECT,OBJECT,OBJECTS,OPTIONAL PARAMETER,OPTIONAL PARAMETERS,PARAMETER,PROPERTIES,PROPERTY,PROTOTYPAL INHERITANCE,PROTOTYPE,SET</Keywords>
    <Syntax>JAVASCRIPT</Syntax>
  </IndexItem>
  <IndexItem ID="0660d0bf-d0a2-40be-a172-fb9a7a96a8cd">
    <Title>Parse a CSV file in PHP</Title>
    <DateCreated>2016-10-11T16:40:14.1779683+02:00</DateCreated>
    <DateModified>2017-03-25T07:00:27.8440253+02:00</DateModified>
    <Keywords>CSV,FILE,PARSE,PHP</Keywords>
    <Syntax>PHP</Syntax>
  </IndexItem>
  <IndexItem ID="91f9259b-6c43-49a2-8c3a-42210c80ea7c">
    <Title>Passing arrays and comma delimited values or arguments to functions</Title>
    <DateCreated>2016-10-11T07:55:15.8923586+02:00</DateCreated>
    <DateModified>2017-03-25T07:00:27.8440253+02:00</DateModified>
    <Keywords>ARGUMENT,ARGUMENTS,ARRAY,ARRAYS,C#,COMMA DELIMITED,FUNCTION,PARAMETER,PARAMETERS</Keywords>
    <Syntax>C#</Syntax>
  </IndexItem>
  <IndexItem ID="49bf8c39-5fc0-4311-a34b-33412727730c">
    <Title>Proposed Year &amp; Term Variable Calculation</Title>
    <DateCreated>2016-05-31T14:08:42.6043438+02:00</DateCreated>
    <DateModified>2017-03-25T07:00:27.8440253+02:00</DateModified>
    <Keywords>CALCULATION,INTERIM,TERM,VARIABLE,YEAR</Keywords>
    <Syntax>SQLSERVER2K_SQL</Syntax>
  </IndexItem>
  <IndexItem ID="43892778-10a4-4430-a13f-bd6366aa81dd">
    <Title>Recursively enable or disable controls within controls in C#</Title>
    <DateCreated>2016-10-11T16:14:27.0572717+02:00</DateCreated>
    <DateModified>2017-03-25T07:00:27.8440253+02:00</DateModified>
    <Keywords>C#,CONTROL,CONTROLS,DISABLE,ENABLE,HIERARCHY,TREE</Keywords>
    <Syntax>C#</Syntax>
  </IndexItem>
  <IndexItem ID="2f4e5426-4146-43d7-9323-f986f47e6fb0">
    <Title>Refactoring SearchResultEntityView</Title>
    <DateCreated>2016-04-07T12:03:44.230464+02:00</DateCreated>
    <DateModified>2017-03-25T07:00:27.8440253+02:00</DateModified>
    <Keywords>ENTITY,SEARCH</Keywords>
    <Syntax>JAVASCRIPT</Syntax>
  </IndexItem>
  <IndexItem ID="e5266330-af2e-4881-8410-745659435873">
    <Title>Reusable Open and Close Dialog code for Windows Forms</Title>
    <DateCreated>2016-10-11T16:18:51.0816715+02:00</DateCreated>
    <DateModified>2017-03-25T07:00:27.8440253+02:00</DateModified>
    <Keywords>C#,DIALOG,DIALOGS,EXTENSION,EXTENSIONS,FORM,FORMS,OPENDIALOG,SAVEDIALOG</Keywords>
    <Syntax>C#</Syntax>
  </IndexItem>
  <IndexItem ID="79e81509-98f5-4db1-95a4-d97b72040036">
    <Title>SMTP Helper: Test your SMPT server settings</Title>
    <DateCreated>2016-10-11T16:39:26.6312141+02:00</DateCreated>
    <DateModified>2017-03-25T07:00:27.8440253+02:00</DateModified>
    <Keywords>C#,EMAIL,MAIL,SETTINGS,SMTP,TEST,TESTING</Keywords>
    <Syntax>C#</Syntax>
  </IndexItem>
  <IndexItem ID="82c4442c-377a-436b-9b0e-04df73cde9e2">
    <Title>Solving quadratic equations in javascript using closures</Title>
    <DateCreated>2016-10-11T08:57:43.0000325+02:00</DateCreated>
    <DateModified>2017-03-25T07:00:27.8440253+02:00</DateModified>
    <Keywords>ALGEBRA,CLOSURE,CLOSURES,EQUATION,EQUATIONS,JAVASCRIPT,MATH,QUADRATIC,QUADRATIC EQUATION</Keywords>
    <Syntax>JAVASCRIPT</Syntax>
  </IndexItem>
  <IndexItem ID="0ea63414-5760-4dfc-b00a-92ca06e61f0f">
    <Title>SQL Server - CTEs</Title>
    <DateCreated>2016-10-11T08:29:12.4684963+02:00</DateCreated>
    <DateModified>2017-03-25T07:00:27.8440253+02:00</DateModified>
    <Keywords>COMMON TABLE EXPRESSION,CTE,RECURSION,RECURSIVE,SQL,TEMP,TEMPORARY</Keywords>
    <Syntax>SQLSERVER2K_SQL</Syntax>
  </IndexItem>
  <IndexItem ID="ff0b40e8-d3f0-4fcb-9141-f06f2395dc1b">
    <Title>SQL Server: Check for integer type</Title>
    <DateCreated>2016-10-11T08:27:18.4150921+02:00</DateCreated>
    <DateModified>2017-03-25T07:00:27.8440253+02:00</DateModified>
    <Keywords>INT,INTEGER,NUMBER,NUMERIC,SQL,TYPE</Keywords>
    <Syntax>SQLSERVER2K_SQL</Syntax>
  </IndexItem>
  <IndexItem ID="52f13ba0-d395-4d8c-9ac6-3403ec2b5206">
    <Title>SQL Server: Select the nth MAX or nth MIN using RANK</Title>
    <DateCreated>2016-10-11T08:25:11.171369+02:00</DateCreated>
    <DateModified>2017-03-25T07:00:27.8450282+02:00</DateModified>
    <Keywords>FIRST,LAST,MAX,MIN,NEXT,PREVIOUS,RANK,SQL</Keywords>
    <Syntax>SQLSERVER2K_SQL</Syntax>
  </IndexItem>
  <IndexItem ID="7c9fc8af-3e4d-4823-a213-e934edcf6a78">
    <Title>SSRS - Identical tablixes with lots of logic to hide/show columns</Title>
    <DateCreated>2016-09-02T08:48:40.8076578+02:00</DateCreated>
    <DateModified>2017-03-25T07:00:27.8450282+02:00</DateModified>
    <Keywords>COLUMNS,MULTIPLE,SIMILAR,TABLIX</Keywords>
    <Syntax>TEXT</Syntax>
  </IndexItem>
  <IndexItem ID="bd90e3e7-9b2c-447c-a0d5-52507e2ec05e">
    <Title>Suspend drawing graphics in Windows Forms in C#</Title>
    <DateCreated>2016-10-11T16:17:18.1053748+02:00</DateCreated>
    <DateModified>2018-01-22T11:36:37.3107068+02:00</DateModified>
    <Keywords>DRAW,DRAWING,FREEZE,GRAPHICS,SUSPEND</Keywords>
    <Syntax>C#</Syntax>
  </IndexItem>
  <IndexItem ID="7e0f0a4c-5716-47f9-9ba1-2a7991472b7d">
    <Title>SVG Calculate text width, boxing text, creating tooltips</Title>
    <DateCreated>2016-10-07T11:40:31.8780432+02:00</DateCreated>
    <DateModified>2017-03-25T07:00:27.8450282+02:00</DateModified>
    <Keywords>BOX,CALCULATE,D3,JAVASCRIPT,SVG,TEXT,TOOLTIP,WIDTH</Keywords>
    <Syntax>JAVASCRIPT</Syntax>
  </IndexItem>
  <IndexItem ID="1c4ff000-1afb-4633-a2d7-eaf79a7468d2">
    <Title>Table - Create a date-time stamped table in SQL Server</Title>
    <DateCreated>2016-09-06T12:36:52.9629446+02:00</DateCreated>
    <DateModified>2017-03-25T07:00:27.8450282+02:00</DateModified>
    <Keywords>BACKUP,BACKUP TABLE,DATE TABLE,TABLE</Keywords>
    <Syntax>SQLSERVER2K_SQL</Syntax>
  </IndexItem>
  <IndexItem ID="727e4015-41a0-4b3e-9f13-ec14922d6254">
    <Title>Trigonometric formulas for javascript</Title>
    <DateCreated>2016-10-11T08:59:05.9483265+02:00</DateCreated>
    <DateModified>2017-03-25T07:00:27.8450282+02:00</DateModified>
    <Keywords>COS,DEGREES,JAVASCRIPT,MATH,RADIANS,SIN,TAN,TRIG,TRIGONOMETRIC FUNCTIONS,TRIGONOMETRY</Keywords>
    <Syntax>JAVASCRIPT</Syntax>
  </IndexItem>
  <IndexItem ID="38e51602-8a08-479a-8384-c7fbef0471a9">
    <Title>T-SQL - Order does not exist (or order is incomplete)</Title>
    <DateCreated>2016-10-11T08:22:33.0865621+02:00</DateCreated>
    <DateModified>2017-03-25T07:00:27.8450282+02:00</DateModified>
    <Keywords>AGGREGATE,AGGREGATES,AND,DE MORGAN,EXIST,EXISTS,NOT,ORDER,ORDERS,SHIPMENT,SQL,SUM</Keywords>
    <Syntax>SQLSERVER2K_SQL</Syntax>
  </IndexItem>
  <IndexItem ID="d4ef6eaa-75a8-4896-b8e6-b9262f2e8ad9">
    <Title>Visual Studio Snippets - Using and creating snippets</Title>
    <DateCreated>2016-10-11T16:18:02.781842+02:00</DateCreated>
    <DateModified>2017-03-25T07:00:27.8450282+02:00</DateModified>
    <Keywords>SNIPPET,SNIPPETS,VISUAL STUDIO</Keywords>
    <Syntax>XML</Syntax>
  </IndexItem>
  <IndexItem ID="3de7adfd-515e-483e-9acf-d2d61385879e">
    <Title>When to use a loop-wth-exit loop</Title>
    <DateCreated>2016-10-11T16:16:16.1231772+02:00</DateCreated>
    <DateModified>2017-03-25T07:00:27.8450282+02:00</DateModified>
    <Keywords>C++,ITERATE,ITERATION,LOOP,LOOPING,LOOP-WITH-EXIT,WHILE</Keywords>
    <Syntax>C++</Syntax>
  </IndexItem>
  <IndexItem ID="83429427-0311-4e1d-9b72-d5ee806ff1d5">
    <Title>Win-forms Listbox, ComboBox ItemData and object binding</Title>
    <DateCreated>2016-10-10T12:08:25.1046543+02:00</DateCreated>
    <DateModified>2017-03-25T07:00:27.8450282+02:00</DateModified>
    <Keywords>BIND,BINDING,C#,COMBOBOX,FORMS,ITEMDATA,LISTBOX</Keywords>
    <Syntax>C#</Syntax>
  </IndexItem>
  <IndexItem ID="d58276a4-0d5a-4ee4-9740-eb9fcba56fb8">
    <Title>Working with percentages</Title>
    <DateCreated>2016-10-11T08:34:35.607807+02:00</DateCreated>
    <DateModified>2017-03-25T07:00:27.8450282+02:00</DateModified>
    <Keywords>CALCULATE,CALCULATION,PERCENT,PERCENTAGE</Keywords>
    <Syntax>TEXT</Syntax>
  </IndexItem>
  <IndexItem ID="e0cfbd5c-c5b0-4c24-b4b7-db241a21f4fa">
    <Title>Wrapping words to fit to a particular character limit in C#</Title>
    <DateCreated>2016-10-10T17:54:34.7023678+02:00</DateCreated>
    <DateModified>2017-03-25T07:00:27.8450282+02:00</DateModified>
    <Keywords>STRING,TEXT,WORD,WRAP</Keywords>
    <Syntax>C#</Syntax>
  </IndexItem>
  <IndexItem ID="a793aacf-834a-44b6-ae40-3e73e1ae9df9">
    <Title>Mock Objects</Title>
    <DateCreated>2016-12-07T09:39:17.1190664+02:00</DateCreated>
    <DateModified>2017-03-25T07:00:27.8450282+02:00</DateModified>
    <Keywords>MOCK,TEST,UNIT TEST</Keywords>
    <Syntax>TEXT</Syntax>
  </IndexItem>
  <IndexItem ID="d81cfa3c-5de5-4753-8035-12fb6f06dfa4">
    <Title>MSDF CV Information</Title>
    <DateCreated>2016-12-20T13:30:32.0540199+02:00</DateCreated>
    <DateModified>2017-03-25T07:00:27.8450282+02:00</DateModified>
    <Keywords>CV,INFORMATION,MSDF</Keywords>
    <Syntax>TEXT</Syntax>
  </IndexItem>
  <IndexItem ID="56b1fde4-325e-48fb-af19-d34d05c28125">
    <Title>SQL Server - Errors and Exceptions</Title>
    <DateCreated>2017-02-24T07:14:32.2009436+02:00</DateCreated>
    <DateModified>2017-03-25T07:00:27.8450282+02:00</DateModified>
    <Keywords>ERROR,EXCEPTION,SQL SERVER</Keywords>
    <Syntax>SQLSERVER2K_SQL</Syntax>
  </IndexItem>
  <IndexItem ID="fcfa371e-1cb0-4260-87c6-df80754a737e">
    <Title>SQL Server - Using sp_rename to rename indexes, keys, and other objects</Title>
    <DateCreated>2017-05-24T07:09:56.1937554+02:00</DateCreated>
    <DateModified>2017-05-26T08:40:32.8316569+02:00</DateModified>
    <Keywords>FOREIGN KEY,INDEX,PRIMARY KEY,RENAME,SP,TABLE</Keywords>
    <Syntax>SQLSERVER2K_SQL</Syntax>
  </IndexItem>
  <IndexItem ID="c8a40dee-2473-45fa-82c8-d8733893fadb">
    <Title>WPF - Dialog and Window Structure XAML</Title>
    <DateCreated>2017-06-05T08:08:05.486804+02:00</DateCreated>
    <DateModified>2017-06-05T08:43:44.7048616+02:00</DateModified>
    <Keywords>DIALOG,WPF,XAML</Keywords>
    <Syntax>XAML</Syntax>
  </IndexItem>
  <IndexItem ID="f40e7576-652d-4f61-a12b-cf4c2610a504">
    <Title>SQL Server - DELETE ROWS</Title>
    <DateCreated>2017-06-12T14:22:13.2488606+02:00</DateCreated>
    <DateModified>2017-06-12T14:22:52.1339665+02:00</DateModified>
    <Keywords>DELETE,REMOVE,ROW,SQL,SQL SERVER</Keywords>
    <Syntax>SQLSERVER2K_SQL</Syntax>
  </IndexItem>
  <IndexItem ID="843fd072-6c6a-4709-ad25-5504c3987037">
    <Title>RichTextBox - Subclass that allows one to change the current font family (only)</Title>
    <DateCreated>2017-07-07T13:20:41.7940345+02:00</DateCreated>
    <DateModified>2017-07-07T13:22:02.2629196+02:00</DateModified>
    <Keywords>FONT,RICHTEXTBOX,RTF</Keywords>
    <Syntax>C#</Syntax>
  </IndexItem>
  <IndexItem ID="70f80298-a4ae-4c6a-a65a-0dce3a59057a">
    <Title>ASCII Art</Title>
    <DateCreated>2017-07-30T10:24:09.9547964+02:00</DateCreated>
    <DateModified>2020-11-09T19:23:05.4945811+02:00</DateModified>
    <Keywords>ART,ASCII</Keywords>
    <Syntax>TEXT</Syntax>
  </IndexItem>
  <IndexItem ID="d753022a-008e-4209-b9bf-4f1e82e62c28">
    <Title>DevExpress</Title>
    <DateCreated>2017-09-15T08:30:02.2766709+02:00</DateCreated>
    <DateModified>2018-05-03T16:29:05.468053+02:00</DateModified>
    <Keywords>DEVEXPRESS</Keywords>
    <Syntax>TEXT</Syntax>
  </IndexItem>
  <IndexItem ID="e06e359c-a632-49fd-9c51-bdc6545a6a7d">
    <Title>Change or convert type using generics</Title>
    <DateCreated>2018-03-05T11:09:38.61735+02:00</DateCreated>
    <DateModified>2018-03-05T13:01:06.4668815+02:00</DateModified>
    <Keywords>CAST,CONVERT,GENERICS</Keywords>
    <Syntax>C#</Syntax>
  </IndexItem>
  <IndexItem ID="b5a9968c-a1ec-40bf-9dea-5d6de15e2750">
    <Title>WPF DateConverter</Title>
    <DateCreated>2018-09-28T09:27:37.0398634+02:00</DateCreated>
    <DateModified>2018-09-28T09:33:19.6778533+02:00</DateModified>
    <Keywords>CONVERT,CONVERTER,DATE,WPF</Keywords>
    <Syntax>C#</Syntax>
  </IndexItem>
  <IndexItem ID="c62a3f15-d2c3-4207-9b3f-2a1c36b3d612">
    <Title>WPF Name Converter</Title>
    <DateCreated>2018-09-28T14:04:22.6256292+02:00</DateCreated>
    <DateModified>2018-09-28T14:09:00.747098+02:00</DateModified>
    <Keywords>CONVERT,CONVERTER,MULTI,MULTICONVERTER,MULTIPLE,NAME,WPF</Keywords>
    <Syntax>C#</Syntax>
  </IndexItem>
  <IndexItem ID="31800fa1-8fc7-47c8-bfdd-5d1ecd2c0c7d">
    <Title>WPF Negatable Boolean to Visibility Converter (handles shortcomings of the built in boolean converter)</Title>
    <DateCreated>2018-10-01T10:07:44.4163378+02:00</DateCreated>
    <DateModified>2018-10-01T10:16:32.7302696+02:00</DateModified>
    <Keywords>BOOLEAN,CONVERT,CONVERTER,MULTI,MULTICONVERTER,MULTIPLE,WPF</Keywords>
    <Syntax>C#</Syntax>
  </IndexItem>
  <IndexItem ID="f373a12b-0b92-4c16-9d1f-622a1dd34289">
    <Title>Infovest (SPC) - StoredProcedureBuilder</Title>
    <DateCreated>2018-10-29T15:29:15.4263354+02:00</DateCreated>
    <DateModified>2018-10-29T15:43:42.2867642+02:00</DateModified>
    <Keywords>BUILDER,COMMAND,DAL,DATA ACCESS,SP</Keywords>
    <Syntax>C#</Syntax>
  </IndexItem>
  <IndexItem ID="fb210bad-7f42-4124-a9c5-0cacc1c1f934">
    <Title>TSQL - Create Spaces from Capitals</Title>
    <DateCreated>2018-11-13T07:38:15.996609+02:00</DateCreated>
    <DateModified>2018-11-13T07:38:52.9520373+02:00</DateModified>
    <Keywords>CAPITAL,SPACE,SPLIT,STRING,TEXT</Keywords>
    <Syntax>SQLSERVER2K_SQL</Syntax>
  </IndexItem>
  <IndexItem ID="be4949c0-b012-4ee0-b316-e83db7c939b5">
    <Title>Xml Parameter to Table - fn_ParseIdXml()</Title>
    <DateCreated>2018-11-16T08:27:29.4369704+02:00</DateCreated>
    <DateModified>2019-03-15T11:14:46.1594887+02:00</DateModified>
    <Keywords>FUNCTION,SQL SERVER,T-SQL,XML</Keywords>
    <Syntax>SQLSERVER2K_SQL</Syntax>
  </IndexItem>
  <IndexItem ID="3e485b7a-f1b6-4eb1-98f1-c11b7c772bd0">
    <Title>Super Simple Log</Title>
    <DateCreated>2019-01-14T12:16:45.8082087+02:00</DateCreated>
    <DateModified>2019-01-14T12:19:17.9749253+02:00</DateModified>
    <Keywords>FILE,LOG,LOGGER,LOGGING</Keywords>
    <Syntax>C#</Syntax>
  </IndexItem>
  <IndexItem ID="1617fa98-e085-4caf-a94e-b462c800aac2">
    <Title>Algorithms - Big O Notation</Title>
    <DateCreated>2019-01-23T09:44:42.642233+02:00</DateCreated>
    <DateModified>2019-01-23T10:11:33.8363937+02:00</DateModified>
    <Keywords>ALGORITH,BIG O,COMPLEXITY,TIME</Keywords>
    <Syntax>C#</Syntax>
  </IndexItem>
  <IndexItem ID="f66c0d45-4611-4705-b371-9fc5fb4f804c">
    <Title>SQL Server - If Exists Drop and Create Database</Title>
    <DateCreated>2019-01-30T08:18:51.9320361+02:00</DateCreated>
    <DateModified>2019-04-02T10:52:07.9038191+02:00</DateModified>
    <Keywords>CREATE,DATABASE,DROP</Keywords>
    <Syntax>SQLSERVER2K_SQL</Syntax>
  </IndexItem>
  <IndexItem ID="07c8f7d3-4e38-47be-b103-aaae37593aa4">
    <Title>Extract XML IDs and convert to comma delimited list (Infovest).</Title>
    <DateCreated>2019-03-15T10:42:05.6862804+02:00</DateCreated>
    <DateModified>2019-03-15T10:43:06.9685416+02:00</DateModified>
    <Keywords>COMMA,DELIMIT,DELIMITER,XML</Keywords>
    <Syntax>C#</Syntax>
  </IndexItem>
  <IndexItem ID="ebe17976-6d7e-4d6a-a6b5-00eb76edb713">
    <Title>Converting Image to WPF ImageSource</Title>
    <DateCreated>2019-04-02T07:34:58.8818678+02:00</DateCreated>
    <DateModified>2019-04-02T07:39:39.01742+02:00</DateModified>
    <Keywords>GRAPHICS,IMAGE,PICTURE,WPF</Keywords>
    <Syntax>C#</Syntax>
  </IndexItem>
  <IndexItem ID="ccce96ca-dc92-4b05-aed7-3dc94cb9fe4e">
    <Title>Korbicom - Unit Test -Working - Api Test</Title>
    <DateCreated>2019-04-15T09:01:47.2513964+02:00</DateCreated>
    <DateModified>2019-04-15T17:12:53.7024194+02:00</DateModified>
    <Keywords>API,KORBICOM,UNITTEST</Keywords>
    <Syntax>TYPESCRIPT</Syntax>
  </IndexItem>
  <IndexItem ID="f3b73a5b-58ae-4724-b50a-fdf9ca4a22ea">
    <Title>Angular - Interceptor</Title>
    <DateCreated>2019-05-27T06:45:12.8738558+02:00</DateCreated>
    <DateModified>2020-05-25T11:20:51.2405162+02:00</DateModified>
    <Keywords>INTERCEPTOR,KORBICOM,XD</Keywords>
    <Syntax>TYPESCRIPT</Syntax>
  </IndexItem>
  <IndexItem ID="6127de31-5765-4982-bd82-ac30d4e3e157">
    <Title>JSON Server</Title>
    <DateCreated>2019-06-18T11:55:01.3217218+02:00</DateCreated>
    <DateModified>2019-06-18T11:55:22.9571383+02:00</DateModified>
    <Keywords>ANGULAR,JSON,SERVER</Keywords>
    <Syntax>TEXT</Syntax>
  </IndexItem>
  <IndexItem ID="0a14de87-b3c1-44dd-a8ee-8ae4f9be840b">
    <Title>rxjs errors</Title>
    <DateCreated>2019-06-24T09:05:58.9722461+02:00</DateCreated>
    <DateModified>2020-08-31T08:18:14.2490125+02:00</DateModified>
    <Keywords>ERROR,ERRORS,RXJS</Keywords>
    <Syntax>TYPESCRIPT</Syntax>
  </IndexItem>
  <IndexItem ID="16851ef3-3a14-4715-ad86-1cf468adde50">
    <Title>Fake API Calls and Debugging Techniques</Title>
    <DateCreated>2019-06-24T10:45:46.5982453+02:00</DateCreated>
    <DateModified>2019-06-24T10:46:21.8632511+02:00</DateModified>
    <Keywords>API,DEBUG,RXJS</Keywords>
    <Syntax>TYPESCRIPT</Syntax>
  </IndexItem>
  <IndexItem ID="824adbdb-e488-46e1-9747-8434deef6ecb">
    <Title>Issue - (135, 134) General enhancements to share and upload share notifications and workflow</Title>
    <DateCreated>2019-06-24T13:59:07.9301463+02:00</DateCreated>
    <DateModified>2019-06-26T12:03:33.912189+02:00</DateModified>
    <Keywords>KORBICOM,REFACTOR,RXJS,SHARE,XHANGEDOCS</Keywords>
    <Syntax>TYPESCRIPT</Syntax>
  </IndexItem>
  <IndexItem ID="840f873e-9942-456d-9b2d-08122ac44c91">
    <Title>B2C JavaScripting</Title>
    <DateCreated>2019-07-15T13:08:36.9232064+02:00</DateCreated>
    <DateModified>2020-05-25T11:20:51.2405162+02:00</DateModified>
    <Keywords>B2C,KORBICOM,XD</Keywords>
    <Syntax>TEXT</Syntax>
  </IndexItem>
  <IndexItem ID="75e51c36-4185-4491-ac8f-62c267d696b6">
    <Title>GUITAR torrentz2.eu</Title>
    <DateCreated>2019-07-16T12:06:06.5658594+02:00</DateCreated>
    <DateModified>2019-07-17T08:15:41.9485126+02:00</DateModified>
    <Keywords>GUITAR</Keywords>
    <Syntax>TEXT</Syntax>
  </IndexItem>
  <IndexItem ID="a2244ee0-e9ec-4e1a-af6f-e56be86d3c07">
    <Title>Nested Form Code</Title>
    <DateCreated>2019-09-30T19:21:42.8435108+02:00</DateCreated>
    <DateModified>2019-11-05T11:09:59.0850105+02:00</DateModified>
    <Keywords>ANGULAR,COMPONENT,FORM,KORBICOM/XCHANGEDOCS,NESTED,REACTIVE</Keywords>
    <Syntax>TEXT</Syntax>
  </IndexItem>
  <IndexItem ID="d5c044ad-f851-4a9b-8514-844123ac0271">
    <Title>Document status not showing correct value #290</Title>
    <DateCreated>2019-11-21T09:01:48.724972+02:00</DateCreated>
    <DateModified>2020-05-25T11:20:51.2405162+02:00</DateModified>
    <Keywords>ISSUE,KORBICOM,XD</Keywords>
    <Syntax>TYPESCRIPT</Syntax>
  </IndexItem>
  <IndexItem ID="18aaa73c-d647-4ec3-b4f6-c7edf805e54a">
    <Title>B2C - Use Insights to try and debug a B2C flow</Title>
    <DateCreated>2020-01-17T15:28:35.7363096+02:00</DateCreated>
    <DateModified>2020-01-17T15:38:49.6536285+02:00</DateModified>
    <Keywords>KORBICOM,XCHANGEDOCS.B2C</Keywords>
    <Syntax>TEXT</Syntax>
  </IndexItem>
  <IndexItem ID="0e1f12ac-3b3c-40a8-ad93-1d0171645600">
    <Title>Proposed Matter Journal OOP Solution (NimbleText)</Title>
    <DateCreated>2020-03-11T11:32:53.0807107+02:00</DateCreated>
    <DateModified>2020-05-25T11:20:51.2405162+02:00</DateModified>
    <Keywords>JOURNAL,MATTER,XD</Keywords>
    <Syntax>TYPESCRIPT</Syntax>
  </IndexItem>
  <IndexItem ID="e15d7de5-1e46-476a-b2d1-9f839f234ceb">
    <Title>Replace Placeholders with Powershell</Title>
    <DateCreated>2020-04-09T16:34:24.2346054+02:00</DateCreated>
    <DateModified>2020-05-25T11:20:51.2405162+02:00</DateModified>
    <Keywords>POWERSHELL,XD</Keywords>
    <Syntax>TEXT</Syntax>
  </IndexItem>
  <IndexItem ID="45d13a4f-438b-4a1f-8b8b-a5026acd3837">
    <Title>Pastebin - Backup</Title>
    <DateCreated>2020-04-15T08:27:15.3481963+02:00</DateCreated>
    <DateModified>2020-04-15T08:28:37.7928342+02:00</DateModified>
    <Keywords>BACKUP,PASTEBIN,SNIPPET,SNIPPETS</Keywords>
    <Syntax>TEXT</Syntax>
  </IndexItem>
  <IndexItem ID="d3d7ce2d-0eb4-42c8-9a05-ae3988310fd2">
    <Title>Notes</Title>
    <DateCreated>2020-04-20T10:36:08.65674+02:00</DateCreated>
    <DateModified>2020-05-21T18:12:18.4132781+02:00</DateModified>
    <Keywords>NOTES</Keywords>
    <Syntax>TEXT</Syntax>
  </IndexItem>
  <IndexItem ID="de2c6300-7005-40cc-814c-b339a3aeb0f0">
    <Title>SmartSession - Notes (JSON)</Title>
    <DateCreated>2020-05-18T10:20:01.7334535+02:00</DateCreated>
    <DateModified>2020-05-21T08:20:03.4801672+02:00</DateModified>
    <Keywords>GUITAR,SMARTSESSION</Keywords>
    <Syntax>TEXT</Syntax>
  </IndexItem>
  <IndexItem ID="f8ef6f6e-4bad-4172-ab19-9d60a2c52ada">
    <Title>Deployment Procedure - Versioning and Procedure (Further Changes - Deploy Directory)</Title>
    <DateCreated>2020-10-02T05:29:02.1651145+02:00</DateCreated>
    <DateModified>2020-10-05T22:15:03.8847998+02:00</DateModified>
    <Keywords>DEPLOY,DEPLOYMENT,PROCEDURE,STEPS</Keywords>
    <Syntax>QIK</Syntax>
  </IndexItem>
  <IndexItem ID="a3a0536d-36f8-4997-aa8e-215199377cdd">
    <Title>Deployment Procedure - Licences</Title>
    <DateCreated>2020-10-02T12:11:35.7364625+02:00</DateCreated>
    <DateModified>2020-10-02T13:04:54.3346804+02:00</DateModified>
    <Keywords>DEPLOY,DEPLOYMENT,LICENCE,PROCEDURE</Keywords>
    <Syntax>TEXT</Syntax>
  </IndexItem>
  <IndexItem ID="e0501482-6cef-4a38-a3ac-938e8b85740d">
    <Title>Media Bookmarks - Time Index</Title>
    <DateCreated>2021-01-04T09:59:17.8351242+02:00</DateCreated>
    <DateModified>2021-01-04T10:00:19.7081279+02:00</DateModified>
    <Keywords>BOOKMARK,INDEX,MEDIA,MOVIE,TIME,VIDEO</Keywords>
    <Syntax>TEXT</Syntax>
  </IndexItem>
  <IndexItem ID="30460fb9-3c0b-449f-a5d4-4516598d8892">
    <Title>Theresa's Query about soft deleted contexts not having journal entries</Title>
    <DateCreated>2021-05-28T11:11:52.1922125+02:00</DateCreated>
    <DateModified>2021-05-31T11:15:54.9946201+02:00</DateModified>
    <Keywords>CONTEXT,DELETE,SQL,SUPPORT,XD</Keywords>
    <Syntax>SQLSERVER2K_SQL</Syntax>
  </IndexItem>
  <IndexItem ID="5774f46d-e6e0-4257-97c3-4baf416e056f">
    <Title>Computer - Reclaim Space</Title>
    <DateCreated>2021-06-29T21:09:25.2359291+02:00</DateCreated>
    <DateModified>2021-07-06T17:19:41.2774532+02:00</DateModified>
    <Keywords>DISK,DRIVE,HARD DRIVE,SPACE,XD</Keywords>
    <Syntax>TEXT</Syntax>
  </IndexItem>
  <IndexItem ID="fb8d5b8b-30b1-4825-b118-d0511917d034">
    <Title>B2C Notes</Title>
    <DateCreated>2022-07-29T13:49:24.0293234+02:00</DateCreated>
    <DateModified>2022-07-29T13:53:02.7755019+02:00</DateModified>
    <Keywords>B2C,JOURNEY,KORBICOM,XD</Keywords>
    <Syntax>TEXT</Syntax>
  </IndexItem>
</CodeCat_CodeIndex>