﻿<?xml version="1.0" encoding="utf-8"?>
<Snippet ID="a9439df9-b32a-439b-a496-c93cc3e03763" Syntax="JAVASCRIPT" Hits="0">
  <Code><![CDATA[/*

<!DOCTYPE html>
<html>
<head>
    <title>Untitled Page</title>
    <script src="LongDivision_Yours.js"></script>
    <script>
        //window.onload = document.write(checkDivisible(8, 16));
        //buildSteps(5, "27247435765");
        build(425, "905093");
        function getValue() {
            divisor = document.getElementById("divisor").value.valueOf();
            divident = document.getElementById("divident").value;
            answerText = document.getElementById("answer");
            var ans = build(divisor, divident);
            answerText.innerHTML = build(divisor, divident);
        }
    </script>
</head>
<body>
    <form name="formx" id="formx">
        <table width="40%" border="0" cellpadding="0" >
          <tr>
            <td width="20%" >&nbsp;</td>
            <td width="20%" class="q" >
                <input type="text" name="divisor" id="divisor"  size="3">
                <input  type="text" name="divident" id="divident" size="3" class="hidden">
            </td>
          </tr>
        </table>
        <input type="button" value="ANSWER" name="button1" id="button1" size="5" onClick="getValue();">
    </form>
    <p id="answer"></p>
</body>
</html>


*/



function build(divisor, divident) {
    var divisionSum = new DivisionSum(divisor, divident);
    divisionSum.buildSteps();
    divisionSum.displaySteps();
    return divisionSum.displayAnswer();
}

// Holds the information about a single long division sum.
function DivisionSum(divisor, divident) {
    this.steps;

    this.retrieveAnswer = function () {
        var answer = "";

        for (y = 0; y < steps.length; y++) {
            if (steps[y] != null) {
                answer += steps[y].quotientWithoutRemainder().toString();

                if (y === steps.length - 1)
                    answer += " rem " + steps[y].remainder();
            }
        }
        return answer;
    };

    this.buildSteps = function () {
        // runs through the steps like a long division sum... checking whether the next value is
        // divisible by, etc. Should result in a step evaluation ie.
        // "Divides into 2, 0 times, with a remainder of 2."
        var dividentPart = "";
        var currentRemainder = 0;
        steps = new Array(divident.length);

        for (x = 0; x < divident.length; x++) {
            dividentPart += divident.charAt(x);

            var divisionStep = new DivisionStep(divisor, dividentPart);
            steps[x] = divisionStep;
            currentRemainder = steps[x].remainder();

            var val = steps[x].isDivisible();

            if (steps[x].isDivisible()) {


                if (currentRemainder === 0)
                    dividentPart = "";
                else
                    dividentPart = currentRemainder;
            }

        }
    };

    this.displaySteps = function () {
        for (y = 0; y < steps.length; y++) {
                if (steps[y] != null) {
                    console.log(
                    "Divides into " + steps[y].dividentValue + ", " +
                    steps[y].quotientWithoutRemainder() +
                    " times, with a remainder of " + steps[y].remainder() + "."
                );
            }
        }
    };

    this.displayAnswer = function () {
        var answer = "";

        for (y = 0; y < steps.length; y++) {
            if (steps[y] != null) {
                answer += steps[y].quotientWithoutRemainder().toString();

                if (y === steps.length - 1) {
                    answer += " rem " + steps[y].remainder();
                }
            }
        }
        console.log(answer);
        return answer;
    };
}

// A step within a long division sum.
function DivisionStep(divisor, divident) {
    this.divisor = divisor;
    this.dividentValue = divident;
    this.quotientWithoutRemainder = function () {
        return Math.floor(divident / divisor);
    };

    this.exactdividentValue = function () {
        return this.quotientWithoutRemainder * divisor;
    };

    this.remainder = function () {
        var rem;
        try {
            rem = divident % divisor;
        }
        catch (e) {
            rem = 0;
        }
        return rem;
    };
    this.isDivisible = function () {
        var d = parseInt(divisor) <= parseInt(divident) ? true : false;
        return d;
    };
}

]]></Code>
  <Snapshots />
</Snippet>