﻿<?xml version="1.0" encoding="utf-8"?>
<Snippet ID="be4949c0-b012-4ee0-b316-e83db7c939b5" Syntax="SQLSERVER2K_SQL">
  <Code><![CDATA[CREATE FUNCTION [dbo].[fnIV_GetIdList](@xml xml) 
/*
  Parameters: 
	  @xml nvarchar(MAX) : Xml string of the format '<List><E>3</E><E>2</E><E>6</E><E>8</E></List>'
	      where the <E> </E> tags enclose integers (representing Ids).
        Safe values for this parameter include null, empty string, empty <E> tag(s)
				Invalid values include badly formed XML and <E> tagged tokens containing non-numeric fields

	Returns:
	  A list of zero or more integer values being the integers encapsulated by the <E> tags within the supplied XML

  Notes:
	  The code does not actually dictate the token (or the presence) of the outer tag (<List> in this example).

	Usage:
	  SELECT [Id] FROM fnIV_GetIdList('<List><E>3</E><E>2</E><E>6</E><E>8</E></List>', DEFAULT)
*/
RETURNS TABLE 
AS
  RETURN 
  SELECT Node.value('(.)[1]', 'int') [Id]
  FROM (select Convert(xml, @xml) as TheList) AS x
  cross apply TheList.nodes('//*:E') as Nodes(Node)

GO

/*
DECLARE @itemXml NVARCHAR(MAX) = '
							<List>
								<E>
									<I>3</I>
									<C>12</C>
									<D>DESC 1</D>
								</E>
								<E>
									<I>4</I>
									<C>13</C>
									<D>DESC 2</D>
								</E>
							</List>
						';


select * from dbo.fn_ParseIdXml(@itemXml)
*/


/* **************************************************************************
I = ID
C = Code
D = Description
************************************************************************** */
IF EXISTS(SELECT 1 FROM INFORMATION_SCHEMA.ROUTINES WHERE ROUTINE_NAME = 'fn_ParseIdXml')
   DROP FUNCTION dbo.fn_ParseIdXml;
GO

CREATE FUNCTION dbo.fn_ParseIdXml 
(
	@IdXml NVARCHAR(MAX)
)
RETURNS @IdData TABLE 
(
	Id INT NOT NULL,
	Code NVARCHAR(25) NULL,
	[Description] NVARCHAR(25) NULL
)
AS
BEGIN

	INSERT INTO @IdData
	SELECT 
		ListNodes.E_Node.value('./I[1]', 'INT') AS Id,
		ListNodes.E_Node.value('./C[1]', 'NVARCHAR(24)') AS Code,
		ListNodes.E_Node.value('./D[1]', 'NVARCHAR(24)') AS [Description]
	FROM
		(
			select Convert(XML, @IdXml) as XmlList
		) T
	CROSS APPLY
		XmlList.nodes('//List/E') ListNodes(E_Node)

	RETURN 
END


------------------------------------------------------------------

DECLARE @itemXml xml = '
							<List>
								<E>
									<I>3</I>
									<C>12</C>
									<D>DESC 1</D>
								</E>
								<E>
									<I>4</I>
									<C>13</C>
									<D>DESC 2</D>
								</E>
							</List>
						';

-- Should we make the Code and Description optional?
SELECT 
	ListNodes.E_Node.value('./I[1]', 'INT') AS Id,
	ListNodes.E_Node.value('./C[1]', 'NVARCHAR(24)') AS Code,
	ListNodes.E_Node.value('./D[1]', 'NVARCHAR(24)') AS [Description]
FROM
	(
		select Convert(xml, @itemXml) as XmlList
	) T
CROSS APPLY
	XmlList.nodes('//List/E') ListNodes(E_Node)



------------------------------------------------------------------

--DECLARE @xml xml = '<List><E>3</E><E>2</E><E>6</E><E>8</E></List>';

--SELECT Node.value('(.)[1]', 'int') [Id]
--FROM (select Convert(xml, @xml) as TheList) AS x
--cross apply TheList.nodes('//*:E') as Nodes(Node)


--DECLARE @itemXml xml = '
--							<List>
--								<E>
--									<ID>3</ID>
--									<CODE>12</CODE>
--								</E>
--								<E>
--									<ID>5</ID>
--									<CODE>33</CODE>
--								</E>
--							</List>
--						';

--/*
--	<E>
--		<ID></ID>
--		<CODE></CODE>
--		<DESC></DESC>
--	</E>
--*/

--SELECT @itemXml.value('(List/E/ID)[1]', 'int') [Id], @itemXml.value('(List/E/CODE)[1]', 'int') [Code]

----SELECT Node.value('(/E/ID)[1]', 'int') [Id]


----FROM (select Convert(xml, @xml) --as TheList) AS x
----cross apply TheList.nodes('//*:E/ID') as Nodes(Node)








]]></Code>
  <Snapshots />
</Snippet>