﻿<?xml version="1.0" encoding="utf-8"?>
<Snippet ID="c732f2e0-b2e1-4445-9b32-3ff4f54a1008" Syntax="TEXT" Hits="4">
  <Code><![CDATA[
<!-- THREE STEPS To INSTALL BUILD TOC:

  1.  Copy the coding into the HEAD of your HTML Document
  2.  Add the onLoad Event handler into the BODY Tag
  3.  Put the last coding into the BODY of your HTML Document  -->

<!-- STEP ONE: Paste this code into the HEAD of your HTML Document  -->

<HEAD>

<Style Type="text/css">
<!--
#TOC {
	margin: 0px;
	display: inline;
	Border-Style: none;
}

#TOC a.:link {
  Color:blue;Text-decoration:none
}
#TOC a:visited {
  Color:orange;Text-decoration:none
}
#TOC a:hover {
  Color:red;Text-decoration:underline
}
#TOC a:active {
  Color:green;Text-decoration:underline
}

#TOC li.H1 {
	Font: normal normal normal 14pt Comic Sans MS,verdana,georgia,arial;
	List-Style-Type: none;
	margin-Left: 0px;
}
#TOC li.H2 {
	Font: normal normal normal 12pt Comic Sans MS,verdana,georgia,arial;
	List-Style-Type: none;
	Line-height:16px;
	margin-Left: 10px;
}
#TOC li.H3 {
	Font: normal normal normal 10pt verdana,Comic Sans MS,georgia,arial;
	List-Style-Type: none;
	Line-height:16px;
	margin-Left: 20px;
}
#TOC li.H4 {
	Font: italic normal normal 10pt verdana,Comic Sans MS,georgia,arial;
	List-Style-Type: none;
	Line-height:16px;
	margin-Left: 30px;
}
#TOC li.H5 {
	Font: italic normal normal 10pt verdana,Comic Sans MS,georgia,arial;
	List-Style-Type: none;
	Line-height:16px;
	margin-Left: 40px;
}
#TOC li.H6 {
	Font: italic normal normal 10pt verdana,Comic Sans MS,georgia,arial;
	List-Style-Type: none;
	Line-height:16px;
	margin-Left: 50px;
}
-->
</Style>

<script Type="text/javascript">
<!-- Begin
/* This script And many more are available free online at
The JavaScript Source!! http://javascript.internet.com
Created by: ################# */

var stateTOC = 'ON';

Function toggleTOC() {
  if (stateTOC == 'ON') {
    stateTOC = 'OFF'
    Document.getElementById('TOC').Style.display = "none";
  }
  else {
    stateTOC = 'ON'
    Document.getElementById('TOC').Style.display = "inline";
  }
}


Function buildTOC() {
  /*************************************/
  /*Get desired tags And store In Array*/
  /*************************************/
  validTagList = '. H1 H2 H3 H4 H5 H6 .'; /*Define list of tags to include in toc*/
  aNum = 0;
  var tagDetail = new Array(1);
  j = 0;
  for(i = 0; i < Document.all.length; i++) {
    if (validTagList.indexOf(' '+Document.all(i).tagName+' ') > 0) {
      /*Add an anchor As a child To the tag so that toc link To it*/
      aNum = aNum + 1;
      var aNode = Document.createElement("A");
      aNode.id = 'Z'+aNum;
      Document.all(i).appendChild(aNode);

      /*Keep relevant data fron the tag To use In toc*/
      tagDetail[j] = Document.all(i).tagName + "|";
      tagDetail[j] = tagDetail[j]+aNum + "|";

      if (Document.all(i).childNodes.length > 0) {
        tagDetail[j] = tagDetail[j]+Document.all(i).childNodes[0].nodeValue
      }
        ;
      j = j + 1;
    }
  }

  /*************************************/
  /*Build toc                          */
  /*************************************/
  var ulNode = Document.createElement("UL");
  TOC.appendChild(ulNode);

  for(i = 0; i < tagDetail.length; i++) {
    thisDetail = tagDetail[i].split("|");

    var liNode = Document.createElement("LI");
    liNode.className = thisDetail[0];
    ulNode.appendChild(liNode);

    var aNode = Document.createElement("A");
    aNode.className = thisDetail[0];
    aNode.href = '#Z'+thisDetail[1];
      liNode.appendChild(aNode);
    aNode.innerText = thisDetail[2];

    /*alert('i='+i + ' tagName='+aNode.tagName + ' href='+aNode.href + ' className='+aNode.className + ' text='+aNode.innerText);*/
  }
}

Function test() {
  /*Define list of tags To include In toc*/
  validTagList = '. H1 A .';

  for(i = 0; i < Document.all.length; i++) {
    if (validTagList.indexOf(' '+Document.all(i).tagName+' ') > 0) {
      alert(i+' '+ Document.all(i).tagName +' '+ Document.all(i).Name +' href='+ Document.all(i).href + ' parent='+ Document.all(i).parentNode.tagName);
    }
  }
}
//-->
</script>
</HEAD>

<!-- STEP TWO: Insert the onLoad Event handler into your BODY Tag  -->

<BODY onLoad="buildTOC()">

<!-- STEP THREE: Copy this code into the BODY of your HTML Document  -->

<!-- Optional anchor for return To TOC -->
<a id=tocPos></a>

<!-- Optional access Key (ALT-t) To return To TOC -->
<a href="#tocPos" title="AccessKey: t" accesskey="t"></a>

<!-- Optional Button To toggle TOC On/off -->
<Input
   Type = "button"
   value = "Table of Contents"
   onclick = "toggleTOC()">

<!-- Required div To Position TOC -->
<div id=TOC>
</div>

<h1>Header 1</h1>
<p>Lorem ipsum dolor sit amet, consectetuer adipiscing elit, sed diam nonummy nibh euismod tincidunt ut laoreet dolore</p>

<h2>Header 1.1</h2>
<h3>Header 1.1.1</h3>
<p>Lorem ipsum dolor sit amet, consectetuer adipiscing elit, sed diam nonummy nibh euismod tincidunt ut laoreet dolore</p>
<p>Lorem ipsum dolor sit amet, consectetuer adipiscing elit, sed diam nonummy nibh euismod tincidunt ut laoreet dolore</p>

<h1>Header 2</h1>
<h2>Header 2.1</h2>
<h3>Header 2.1.1</h3>
<h4>Header 2.1.1.1</h4>
<p>Lorem ipsum dolor sit amet, consectetuer adipiscing elit, sed diam nonummy nibh euismod tincidunt ut laoreet dolore</p>

<h4>Header 2.1.1.2</h4>
<p>paragraph 4</p>

<h3>Header 2.1.2</h3>
<h4>Header 2.1.2.1</h4>
<p>Lorem ipsum dolor sit amet, consectetuer adipiscing elit, sed diam nonummy nibh euismod tincidunt ut laoreet dolore</p>

<h1>Header 3</h1>
<p>Lorem ipsum dolor sit amet, consectetuer adipiscing elit, sed diam nonummy nibh euismod tincidunt ut laoreet dolore</p>

<p><center>
<Font face="arial, helvetica" size"-2">Free JavaScripts provided<br>
by <a href="http://javascriptsource.com">The JavaScript Source</a></Font>
</center><p>

<!-- Script Size:  6.00 KB -->]]></Code>
  <Snapshots />
</Snippet>