﻿<?xml version="1.0" encoding="utf-8"?>
<Snippet ID="c8a40dee-2473-45fa-82c8-d8733893fadb" Syntax="XAML">
  <Code><![CDATA[
<!--
	Very basic dialog box with two fields and a few buttons.
-->
  <DockPanel>
    <StackPanel DockPanel.Dock="Top" Margin="0,0,0,5">
      <TextBlock Text="Name:" Margin="5" />
      <TextBox Margin="5" />
      <TextBlock Text="Email:" Margin="5" />
      <TextBox Margin="5" />
    </StackPanel>
    <StackPanel DockPanel.Dock="Left" Orientation="Horizontal" HorizontalAlignment="Left">
      <Button Content="Previous" Margin="5,10,5,5" MinWidth="50" Height="35" VerticalAlignment="Top" />
      <Button Content="Next" Margin="5,10,5,5" MinWidth="50" Height="35" VerticalAlignment="Top" />
    </StackPanel>
    <StackPanel DockPanel.Dock="Right" Orientation="Horizontal" HorizontalAlignment="Right">
      <Button Content="Ok" Margin="5,10,5,5" MinWidth="50" Height="35" VerticalAlignment="Top" />
    </StackPanel>
  </DockPanel>

<!--
	Listbox on the left.
	fields on right.
	Delete, Save, and Ok buttons.
-->

  <DockPanel LastChildFill="False">
    <ListBox DockPanel.Dock="Left" MinWidth="200">
      <ListBoxItem Content="Customer 1" />
      <ListBoxItem Content="Customer 2" />
      <ListBoxItem Content="Customer 3" />
      <ListBoxItem Content="Customer 4" />
    </ListBox>
    <StackPanel DockPanel.Dock="Top" Margin="0,0,0,5">
      <TextBlock Text="Name:" Margin="5"></TextBlock>
      <TextBox Margin="5"></TextBox>
      <TextBlock Text="Email:" Margin="5"></TextBlock>
      <TextBox Margin="5"></TextBox>
      <TextBlock Text="Address:" Margin="5"></TextBlock>
      <TextBox Margin="5"></TextBox>
      <TextBlock Text="City:" Margin="5"></TextBlock>
      <TextBox Margin="5"></TextBox>
      <TextBlock Text="State:" Margin="5"></TextBlock>
      <TextBox Margin="5"></TextBox>
    </StackPanel>
    <StackPanel DockPanel.Dock="Bottom" Orientation="Horizontal" HorizontalAlignment="Right">
      <Button Content="Delete" Margin="5" MinWidth="50" MaxHeight="35" />
      <Button Content="Save" Margin="5" MinWidth="50" MaxHeight="35" />
      <Button Content="OK" Margin="5" MinWidth="50" MaxHeight="35" />
    </StackPanel>
  </DockPanel>
  
  <!--
  Binding
	Window FilePath - Retrieve file path from the window Filepath property.
-->
  <Grid>

    <Grid.RowDefinitions>
        <RowDefinition />
        <RowDefinition />
        <RowDefinition />
    </Grid.RowDefinitions>

    <StackPanel Grid.Row="0" Orientation="Horizontal" VerticalAlignment="Center" HorizontalAlignment="Center">

        <TextBlock Text="Filepath:    " />
        <TextBox Name="_Filepath" Text="{Binding ElementName=Window, Path=Filepath}" />
        
    </StackPanel>

    <TextBlock Grid.Row="1" Margin="20" Name="txtQuestion" Text="{Binding ElementName=Window, Path=Question}" VerticalAlignment="Center" HorizontalAlignment="Center" />

    <StackPanel Grid.Row="2" Orientation="Horizontal" VerticalAlignment="Center" HorizontalAlignment="Center" >

        <StackPanel.Resources>
            <Style TargetType="Button">
                <Setter Property="Margin" Value="10" />
                <Setter Property="Width" Value="50" />
            </Style>
        </StackPanel.Resources>

        <Button Name="btnYes" Content="Yes" />
        <Button Name="btnNo" Content="No" />

    </StackPanel>

</Grid>






    <Grid>
        <Grid.RowDefinitions>
            <RowDefinition Height="*" />
            <RowDefinition Height="40" />
        </Grid.RowDefinitions>

        <Grid Grid.Row="0">
            <Grid.ColumnDefinitions>
                <ColumnDefinition Width="80" />
                <ColumnDefinition Width="*" />
            </Grid.ColumnDefinitions>
            <Grid.RowDefinitions>
                <RowDefinition Height="30" />
                <RowDefinition Height="30" />
                <RowDefinition Height="30" />
            </Grid.RowDefinitions>

            <TextBlock Grid.Row="0" Grid.Column="0" Margin="2" VerticalAlignment="Center">Project Title</TextBlock>
            <TextBox Grid.Row="0" Grid.Column="1" VerticalAlignment="Center" Margin="2" Text="{Binding ProjectTitle}" />
            <TextBlock Grid.Row="1" Grid.Column="0" Margin="2" VerticalAlignment="Center">Directory</TextBlock>
            <Grid Grid.Row="1" Grid.Column="1">
                <Grid.ColumnDefinitions>
                    <ColumnDefinition Width="*" />
                    <ColumnDefinition Width="50" />
                </Grid.ColumnDefinitions>
                <TextBox Grid.Column="0" Text="{Binding ProjectFolder}" VerticalAlignment="Center" Margin="2" />
                <Button Grid.Column="1" Margin="2" Width="40" Content="..."  DockPanel.Dock="Right" Command="{Binding OpenDirectoryCommand}" />
            </Grid>
            <StackPanel Grid.Row="2" Grid.Column="1" HorizontalAlignment="Right" Orientation="Horizontal">
                <TextBlock Grid.Row="2" Grid.Column="1" VerticalAlignment="Center" Margin="2">Create Directory from Title</TextBlock>
                <CheckBox Grid.Row="2" Grid.Column="1" VerticalAlignment="Center" HorizontalAlignment="Left" Margin="2" IsChecked="{Binding CreateTitleDirectory}" />
            </StackPanel>
            <!--<CheckBox Grid.Row="2" Grid.Column="1" VerticalAlignment="Center" HorizontalAlignment="Left" Margin="2"></CheckBox>
            <TextBlock Grid.Row="2" Grid.Column="1"></TextBlock>-->
        </Grid>

        <StackPanel Grid.Row="1" Margin="2" Orientation="Horizontal" VerticalAlignment="Bottom" HorizontalAlignment="Right">
            <Button Margin="2" Width="100" Height="30" Name="CancelButton" Click="CancelButton_Click">Cancel</Button>
            <Button Margin="2" Width="100" Height="30" Name="SaveButton" Click="SaveButton_Click" Command="{Binding CreateProjectCommand}">Save</Button>
        </StackPanel>
    </Grid>]]></Code>
  <Snapshots />
</Snippet>