﻿<?xml version="1.0" encoding="utf-8"?>
<Snippet ID="d4ef6eaa-75a8-4896-b8e6-b9262f2e8ad9" Syntax="XML">
  <Code><![CDATA[
<!-- **************************************************************************************
	Shortcut: Ctrl K, Ctrl X
	Select code snippet and then press TAB or ENTER
	
	Creating a Code Snippet
	Source: https://msdn.microsoft.com/en-us/library/ms165394.aspx
	
	Snippet Designer (integrate into Visual Studio):
	https://github.com/mmanela/SnippetDesigner
	https://visualstudiogallery.msdn.microsoft.com/B08B0375-139E-41D7-AF9B-FAEE50F68392
	
		- to create a new snippet File -> New File -> Snippet Designer -> Code Snippet
		- to open the snippet explorer go: View -> Other Windows -> Snippet Explorer
	
	YOU CAN'T COMPLETE THIS UNTIL YOU'VE FOUND A WAY TO ESCAPE THE CDATA TAG IN XML
	OR YOU CHANGE THE LAYOUT OF YOUR SNIPPET FILES.
************************************************************************************** -->

<!-- The following is the basic snippet template: -->

<?xml version="1.0" encoding="utf-8"?>
<CodeSnippets
    xmlns="http://schemas.microsoft.com/VisualStudio/2005/CodeSnippet">
    <CodeSnippet Format="1.0.0">
        <Header>
            <Title></Title>
        </Header>
        <Snippet>
            <Code Language="">
            	<!-- CDATA TAG -->
            </Code>
        </Snippet>
    </CodeSnippet>
</CodeSnippets>
]]></Code>
  <Snapshots />
</Snippet>