﻿<?xml version="1.0" encoding="utf-8"?>
<Snippet ID="ea35dfc8-b38d-4edf-a489-7e57836981c7" Syntax="JAVASCRIPT" Hits="0">
  <Code><![CDATA[
function parseURL(url) {
	var parser = document.createElement('a'),
		searchObject = {},
		queries, split, i;
	// Let the browser do the work
	parser.href = url;
	// Convert query string to object
	queries = parser.search.replace(/^\?/, '').split('&');
	for( i = 0; i < queries.length; i++ ) {
		split = queries[i].split('=');
		searchObject[split[0]] = split[1];
	}
	return {
		protocol: parser.protocol,
		host: parser.host,
		hostname: parser.hostname,
		port: parser.port,
		pathname: parser.pathname,
		search: parser.search,
		searchObject: searchObject,
		hash: parser.hash
	};
}

/*
<!doctype html>
<html>
	<head>
		<meta charset="utf-8">
		<title></title>
		<script src="http://ajax.aspnetcdn.com/ajax/jQuery/jquery-1.6.3.min.js"></script>
	</head>
	<body>		
		<script>

			function parseURL(url) {
				var parser = document.createElement('a'),
					searchObject = {},
					queries, split, i;
				// Let the browser do the work
				parser.href = url;
				// Convert query string to object
				queries = parser.search.replace(/^\?/, '').split('&');
				for( i = 0; i < queries.length; i++ ) {
					split = queries[i].split('=');
					searchObject[split[0]] = split[1];
				}
				return {
					protocol: parser.protocol,
					host: parser.host,
					hostname: parser.hostname,
					port: parser.port,
					pathname: parser.pathname,
					search: parser.search,
					searchObject: searchObject,
					hash: parser.hash
				};
			}
			
			$(function() {
				var parser = parseURL('http://localhost:5605/#EntityDashboard/Summary/District/4864');
				
				alert(
					'protocol: ' + parser.protocol + '\n' +
					'host: ' + parser.host + '\n' +
					'hostname: ' + parser.hostname + '\n' +
					'port: ' + parser.port + '\n' +
					'pathname: ' +  parser.pathname + '\n' +
					'search: ' + parser.search + '\n' +
					'searchObject: ' + parser.searchObject + '\n' +
					'hash: ' + parser.hash
				);
				//alert(seq5(5)); // [1,2, 3, 4, 5];
			});
		</script>
	</body>
</html>
*/]]></Code>
  <Snapshots />
</Snippet>