﻿<?xml version="1.0" encoding="utf-8"?>
<Snippet ID="f373a12b-0b92-4c16-9d1f-622a1dd34289" Syntax="C#">
  <Code><![CDATA[using System;
using System.Data;
using System.Data.SqlClient;

namespace Symmetrix.Data.Repositories.Common
{
    public class StoredProcedureCommandBuilder : IDisposable
    {
        private bool _isDisposed;

        public SqlCommand Command { get; }

        public StoredProcedureCommandBuilder(string storedProcedureName, SqlConnection connection)
        {
            Command = new SqlCommand(storedProcedureName, connection) {CommandType = CommandType.StoredProcedure};
        }

        ~StoredProcedureCommandBuilder()
        {
            Dispose(false);
        }

        public void AddParameter<T>(string parameterName, T value)
        {
            var type = typeof(T);
            var databaseType = GetDatabaseType(type);
            var parameter = GetParameter(parameterName, databaseType, value);

            Command.Parameters.Add(parameter);
        }

        private static SqlParameter GetParameter(string parameterName, SqlDbType databaseType, object value)
        {
            var parameter = new SqlParameter(parameterName, databaseType) {Value = value ?? DBNull.Value};
            return parameter;
        }

        private static SqlDbType GetDatabaseType(Type type)
        {
            switch (type.Name)
            {
                case "System.String":
                    return SqlDbType.NVarChar;
                case "System.DateTime":
                    return SqlDbType.DateTime;
                case "System.Int32":
                    return SqlDbType.Int;
                default:
                    return SqlDbType.NVarChar;
            }
        }

        public void Dispose()
        {
            Dispose(true);
            GC.SuppressFinalize(this);
        }

        protected virtual void Dispose(bool disposing)
        {
            if (!_isDisposed)
            {
                if (disposing)
                {
                    Command.Dispose();
                }
            }
            _isDisposed = true;
        }
    }
}





using System.Collections.Generic;
using System.Data;
using System.Data.SqlClient;
using Symmetrix.Data.Repositories.Common;
using Symmetrix.Infrastructure.Criteria.Reports;
using Symmetrix.Infrastructure.Data.Repositories.RepositoryInterfaces.Reports;

namespace Symmetrix.Repositories.Reports
{
    public class BreachHistoryReportRepository : IBreachHistoryReportRepository
    {
        private DataSet _dataSet;
        private readonly string _connectionString;
        

        public string FileName => "rptBreachHistory.rdlc";
        public string Title => "Breach History Report";

        public string FilePath => "";

        public IBreachHistoryReportCriteria Criteria { get; set; }

        public BreachHistoryReportRepository(string connectionString)
        {
            _connectionString = connectionString;
        }

        public Dictionary<string, DataTable> Generate()
        {
            _dataSet = new DataSet();

            using (var sqlConnection = new SqlConnection(_connectionString))
            using (var commandBuilder = new StoredProcedureCommandBuilder("sp_BreachHistoryReport", sqlConnection))
            using (var dataAdapter = new SqlDataAdapter(commandBuilder.Command))
            {
                commandBuilder.AddParameter("@StartDate", Criteria.StartDate);
                commandBuilder.AddParameter("@EndDate", Criteria.EndDate);
                commandBuilder.AddParameter("@BucketFilterType", Criteria.Include);
                commandBuilder.AddParameter("@ProcessingResult", Criteria.ProcessingResult);
                commandBuilder.AddParameter("@BreachStatus", Criteria.BreachStatusId);
                commandBuilder.AddParameter("@ContextType", Criteria.BreachContextId);
                commandBuilder.AddParameter("@RuleId", Criteria.RuleId);
                commandBuilder.AddParameter<string>("@RuleIdList", null);
                commandBuilder.AddParameter("@RuleGroupId", Criteria.RuleGroupId);
                commandBuilder.AddParameter<string>("@RuleGroupIdList", null);
                commandBuilder.AddParameter("@RuleContextId", Criteria.RuleContextId);
                commandBuilder.AddParameter("@PortfolioId", Criteria.PortfolioId);
                commandBuilder.AddParameter<string>("@PortfolioIdList", null);
                commandBuilder.AddParameter("@PortfolioContextId", Criteria.PortfolioContextId);
                commandBuilder.AddParameter<int?>("@CompositeId", null);
                commandBuilder.AddParameter<string>("@CompositeIdList", null);
                commandBuilder.AddParameter("@AggregateTypeId", Criteria.AggregateTypeId);
                commandBuilder.AddParameter<string>("@AggregateIdList", null);
                commandBuilder.AddParameter("@AggregateId", Criteria.AggregateId);
                commandBuilder.AddParameter("@IncludeInstrumentDerivatives", Criteria.IncludeInstrumentDerivatives);
                commandBuilder.AddParameter("@IncludeNoAggregates", Criteria.IncludeNoAggregates);

                dataAdapter.Fill(_dataSet);

                _dataSet.Tables[0].TableName = "DataSet1";

                var tableDictionary = new Dictionary<string, DataTable> {{"DataSet1", _dataSet.Tables[0]}};

                return tableDictionary;
            }
        }
    }
}]]></Code>
  <Snapshots />
</Snippet>