﻿<?xml version="1.0" encoding="utf-8"?>
<Snippet ID="f3b73a5b-58ae-4724-b50a-fdf9ca4a22ea" Syntax="TYPESCRIPT">
  <Code><![CDATA[
import { Injectable } from '@angular/core';
import { HttpInterceptor, HttpEvent, HttpHandler, HttpRequest } from '@angular/common/http';
import { Observable } from 'rxjs';
import { AuthUtilsService } from '../../core/services/auth-utils.service';
// import { ApiUtilsService } from '../../core/services/api-utils.service';
import { ActivatedRoute } from '@angular/router';

@Injectable()
export class ExtLinkEntryInterceptor implements HttpInterceptor {
    constructor(public authUtils: AuthUtilsService, // private apiUtil: ApiUtilsService, 
        private activatedRoute: ActivatedRoute) {}

    intercept(req: HttpRequest<any>, next: HttpHandler): Observable<HttpEvent<any>> {

        console.log(`ExtLinkEntryInterceptor has been called - ${req.url}`);
        console.log(`Activated Route: - ${this.activatedRoute.snapshot}`);

       return next.handle(req);
    }
}






core.module.ts
----------------------------------------------------
import { HTTP_INTERCEPTORS } from '@angular/common/http'
import { RevokeCheckInterceptor } from ...

----------------------------------------------------

@NgModule({
	imports: [],
	declarations: [],
	providers: [
		{ provide:HTTP_INTERCEPTORS, useClass: FirstInterceptor, multi: true },
		{ provide:HTTP_INTERCEPTORS, useClass: SecondInterceptor, multi: true },
	]
})
export class AppModule {}

----------------------------------------------------

import { Injectable } from "@angular/core";
import { HttpInterceptor, HttpEvent, HttpHandler, HttpRequest } from '@angular/common/http';
import { Observable } from 'rxjs';

@Injectable()
export class RevokeCheckInterceptor implements HttpInterceptor {
    intercept(req: HttpRequest<any>, next: HttpHandler): Observable<HttpEvent<any>> {
        console.log(`RevokeCheckInterceptor has been called - ${req.url}`);
        
        const jsonReq: HttpRequest<any> = req.clone(
            {
                setHeaders: {'DUMMY-HEADER': 'revoke-checked'}
            }
        );

        return next.handle(jsonReq);
    }
}

----------------------------------------------------
https://blog.angularindepth.com/expecting-the-unexpected-best-practices-for-error-handling-in-angular-21c3662ef9e4
----------------------------------------------------

import { Injectable } from "@angular/core";
import { HttpInterceptor, HttpEvent, HttpHandler, HttpRequest, HttpEventType, HttpResponse } from '@angular/common/http';
import { Observable, throwError } from 'rxjs';
import { tap, catchError } from 'rxjs/operators';

@Injectable()
export class RevokeCheckInterceptor implements HttpInterceptor {
    intercept(req: HttpRequest<any>, next: HttpHandler): Observable<HttpEvent<any>> {
        console.log(`RevokeCheckInterceptor has been called - ${req.url}`);
        
        return next.handle(req)
            .pipe(
                // tap(event => {
                //     if (event.type === HttpEventType.Response) {
                //         console.log(`${event.status}    - ${event.statusText}`)
                //     }
                // })
                catchError((error: HttpErrorResponse) => {
                    if (error.status === 8401) {
                        // do what you have to do here...
                    } else {
                        return throwError(error);
                    }
                })
            );
    }
}
]]></Code>
  <Snapshots />
</Snippet>