﻿<?xml version="1.0" encoding="utf-8"?>
<TaskList>
  <Tasks>
    <Task Title="Document Xchangedocs Architecture for CV" Priority="Low" Completed="False" DateCreated="2020/08/07 10:56:11" />
    <Task Title="QA Environment - https://github.com/korbicom/test_workflow_ci/blob/develop/Strategy.md" Priority="Medium" Completed="False" DateCreated="2020/08/07 16:14:03" />
    <Task Title="Look into .NET core versioning" Priority="Low" Completed="False" DateCreated="2020/09/29 13:32:46" />
    <Task Title="Shaun's Wife = Halima" Priority="Low" Completed="False" DateCreated="2020/10/28 17:16:03" />
    <Task Title="Look for Prodigal Son - M-Net" Priority="Low" Completed="False" DateCreated="2020/11/06 12:36:51" />
    <Task Title="Netflix Horror - Host (Get back to Wayne and tell him how it was)" Priority="Low" Completed="False" DateCreated="2021/01/11 09:51:53" />
    <Task Title="Go into Gym, change contract from Premium to Local" Priority="High" Completed="False" DateCreated="2021/05/06 10:45:55" />
    <Task Title="Get endpoint.sql working with Shaun + WSL 2.0" Priority="High" Completed="False" DateCreated="2021/05/06 11:00:53" />
    <Task Title="https://download-probe.azurewebsites.net/ Set File Size to 30000000000" Priority="High" Completed="False" DateCreated="2021/05/28 12:13:43" />
  </Tasks>
</TaskList>