﻿<?xml version="1.0" encoding="utf-8"?>
<QikFile>
  <Documents>
    <Document Id="48192f3f-c85e-4bc6-b215-90da59f808b7" Title="Model Implementation" DocType="CODESNIPPET" Description="" Ext="tpl" Syntax="C#" Ordinal="1" />
    <Document Id="d90b769e-2fca-4dfe-af2e-d1eac497cca6" Title="Repository Interface" DocType="CODESNIPPET" Description="" Ext="tpl" Syntax="C#" Ordinal="2" />
    <Document Id="98048ccf-9751-4b2d-aa46-44da45553c39" Title="Seed Repository" DocType="CODESNIPPET" Description="" Ext="tpl" Syntax="C#" Ordinal="3" />
    <Document Id="109a497e-2675-4fc4-9819-0696f076f64c" Title="Drop Repository and Create" DocType="CODESNIPPET" Description="" Ext="tpl" Syntax="C#" Ordinal="4" />
    <Document Id="c5905882-7e2e-43dd-8ddd-02dd1af33769" Title="Drop, Create, and Seed" DocType="CODESNIPPET" Description="" Ext="tpl" Syntax="C#" Ordinal="5" />
    <Document Id="44d24e07-4693-46bb-bc1d-5de7010a0e4e" Title="Repository Implementation" DocType="CODESNIPPET" Description="" Ext="tpl" Syntax="C#" Ordinal="6" />
    <Document Id="5bb9fbe3-3816-49e4-b41b-3a8642fca722" Title="Repository Test" DocType="CODESNIPPET" Description="" Ext="tpl" Syntax="C#" Ordinal="7" />
    <Document Id="caf99cca-cea5-4772-9225-c69be1e9c1ae" Title="Qik Script" DocType="QIKSCRIPT" Description="" Ext="qik" Syntax="Qik" Ordinal="8" />
  </Documents>
</QikFile>