﻿<?xml version="1.0" encoding="utf-8"?>
<QikFile>
  <Documents>
    <Document Id="1a4bd23e-2fad-4303-9f5d-5b33f48f6a08" Title="File Names" DocType="CODESNIPPET" Description="" Ext="tpl" Syntax="TEXT" Ordinal="1" />
    <Document Id="de407995-6d17-4478-95b3-e9ea3680182d" Title="Create Files (batch file)" DocType="CODESNIPPET" Description="" Ext="tpl" Syntax="DOSBATCH" Ordinal="2" />
    <Document Id="7295ce2d-6484-49ee-ac3b-b39d6724bc64" Title="Repository" DocType="CODESNIPPET" Description="" Ext="tpl" Syntax="C#" Ordinal="3" />
    <Document Id="4d84b2f3-4bfb-4f35-86e7-8c25962a9c4a" Title="Repository Interface" DocType="CODESNIPPET" Description="" Ext="tpl" Syntax="C#" Ordinal="4" />
    <Document Id="308a9aee-cce1-442c-bd3c-dfd88017fe5e" Title="Domain Entity" DocType="CODESNIPPET" Description="" Ext="tpl" Syntax="C#" Ordinal="5" />
    <Document Id="07700975-74df-495a-a619-65245e789525" Title="Search Criteria" DocType="CODESNIPPET" Description="" Ext="tpl" Syntax="C#" Ordinal="6" />
    <Document Id="d9700cbc-f17b-4da1-a587-725fd9f44d5a" Title="Service" DocType="CODESNIPPET" Description="" Ext="tpl" Syntax="C#" Ordinal="7" />
    <Document Id="c91c1729-fe57-44ae-9da5-5d1244b0b2a5" Title="Specifications" DocType="CODESNIPPET" Description="" Ext="tpl" Syntax="C#" Ordinal="8" />
    <Document Id="c2578cee-2d9c-44f6-8ba4-cfb07a322928" Title="Notifications" DocType="CODESNIPPET" Description="" Ext="tpl" Syntax="C#" Ordinal="9" />
    <Document Id="4f13bc50-3928-4134-a321-99eaa8fd78c5" Title="Xaml UserControls" DocType="CODESNIPPET" Description="" Ext="tpl" Syntax="XAML" Ordinal="10" />
    <Document Id="c021bb4d-9e5d-4f96-af9b-ad57999a82dd" Title="UserControl (Code Behind)" DocType="CODESNIPPET" Description="" Ext="tpl" Syntax="C#" Ordinal="11" />
    <Document Id="0884647e-06ed-492c-b71b-cf1b9ccc2483" Title="ViewModels" DocType="CODESNIPPET" Description="" Ext="tpl" Syntax="C#" Ordinal="12" />
    <Document Id="b7081856-9321-4b65-86ca-2e7b57cca678" Title="Views" DocType="CODESNIPPET" Description="" Ext="tpl" Syntax="C#" Ordinal="13" />
    <Document Id="2fe95cb0-d1c4-4992-b5a0-fd5038bda73f" Title="Models" DocType="CODESNIPPET" Description="" Ext="tpl" Syntax="C#" Ordinal="14" />
    <Document Id="7fdc2283-d7f6-4318-ab8f-bde7a6ca6b42" Title="Code (Odds and Ends)" DocType="CODESNIPPET" Description="" Ext="tpl" Syntax="C#" Ordinal="15" />
    <Document Id="5eb5cfb8-758e-4c3d-a8ae-9a253e0a8385" Title="Qik Script" DocType="QIKSCRIPT" Description="" Ext="qik" Syntax="Qik" Ordinal="16" />
  </Documents>
</QikFile>