Can you configure an Azure virtual machine with a managed identity during or after its creation?	Yes, you can configure an Azure virtual machine with a managed identity during or after its creation.
What role assignment is required for enabling the system-assigned managed identity on an Azure virtual machine?	The Virtual Machine Contributor role assignment is required for enabling the system-assigned managed identity on an Azure virtual machine.
How can you assign the system-assigned identity to an existing virtual machine?	You can use the `az vm identity assign` command to assign the system-assigned identity to an existing virtual machine.
What role assignments are required for assigning a user-assigned identity to a virtual machine during its creation?	The Virtual Machine Contributor and Managed Identity Operator role assignments are required for assigning a user-assigned identity to a virtual machine during its creation.
What are the two steps involved in enabling user-assigned managed identities?	The two steps involved in enabling user-assigned managed identities are: creating the user-assigned identity using `az identity create`, and then assigning the identity to a virtual machine.
How can you create a user-assigned managed identity using the Azure CLI?	You can create a user-assigned managed identity using the Azure CLI command `az identity create`. The `-g` parameter specifies the resource group, and the `-n` parameter specifies the identity's name.
How can you associate a virtual machine with a user-assigned identity during its creation?	You can create a VM associated with the new user-assigned identity by using the `--assign-identity` parameter, along with the `--role` and `--scope` parameters.
